"id","site","job_url","job_url_direct","title","company","location","date_posted","job_type","salary_source","interval","min_amount","max_amount","currency","is_remote","job_level","job_function","listing_type","emails","company_industry","company_url","company_url_direct","company_addresses","company_num_employees","company_revenue","skills","experience_range","company_rating","company_reviews_count","vacancy_count","work_from_home_type","searched_site","searched_location","search_term"
"in-7fd4e99dbd3da66e","indeed","https://www.indeed.com/viewjob?jk=7fd4e99dbd3da66e","http://www.indeed.com/job/senior-software-engineer-7fd4e99dbd3da66e","Senior Software Engineer","UDCYDE","Remote, US","2026-08-03","fulltime","direct_data","yearly",120000.0,150000.0,"USD",True,"","","","","","https://www.indeed.com/cmp/Udcyde","","","","","","","","","","","indeed","Remote","junior software engineer"
"in-69c0640abbd7f85e","indeed","https://www.indeed.com/viewjob?jk=69c0640abbd7f85e","https://grnh.se/u4su3flm1us","Forward Deployed AI Engineer","Celigo","Remote, US","2026-08-02","","direct_data","yearly",145000.0,160000.0,"USD",True,"","","","","","https://www.indeed.com/cmp/Celigo","http://www.celigo.com","Redwood City, CA","501 to 1,000","Decline to state","","","","","","","indeed","Remote","junior software engineer"
"in-7b76a75d4f08195e","indeed","https://www.indeed.com/viewjob?jk=7b76a75d4f08195e","https://careers-americas.icims.com/jobs/25789/job?utm_source=indeed_integration&iis=Job%20Board&iisn=Indeed&indeed-apply-token=73a2d2b2a8d6d5c0a62696875eaebd669103652d3f0c2cd5445d3e66b1592b0f","Principal Engineer","Atlassian","Seattle, WA, US","2026-08-01","","direct_data","yearly",174051.0,273775.0,"USD",True,"","","","","","https://www.indeed.com/cmp/Atlassian","https://www.atlassian.com","Sydney","10,000+","Decline to state","","","","","","","indeed","Seattle, WA","junior software engineer"
"in-f33c8e2c872f7089","indeed","https://www.indeed.com/viewjob?jk=f33c8e2c872f7089","https://grnh.se/6e925sfi9us","Sr. Protection & Control Engineer (PE) Power & Utilities","MEADE ENGINEERING","Austin, TX, US","2026-07-31","","direct_data","yearly",129000.0,162000.0,"USD",True,"","","","recruiting@meadeengineering.com","","https://www.indeed.com/cmp/Meade-Engineering","https://meadeengineering.com/","80 E Rio Salado Pkwy.
Suite 500
Tempe, AZ 85281","51 to 200","$25M to $100M (USD)","","","","","","","indeed","Austin, TX","junior software engineer"
"in-9dec179a6d331eaf","indeed","https://www.indeed.com/viewjob?jk=9dec179a6d331eaf","https://brightvisiontechnologies.applytojob.com/apply/iQ4nqClYHH/Boomi-Middleware-Engineer?source=INDE&~","Boomi Middleware Engineer","BV Teck","Remote, US","2026-07-31","fulltime","direct_data","yearly",100000.0,150000.0,"USD",True,"","","","Harry@bvteck.com","","https://www.indeed.com/cmp/Bv-Teck","http://WWW.BVTECK.COM","#991 Route 22 West, Suite 200,
Bridgewater, New Jersey - 08807","51 to 200","$25M to $100M (USD)","","","","","","","indeed","Remote","junior software engineer"
"in-74bc38f2f96a079f","indeed","https://www.indeed.com/viewjob?jk=74bc38f2f96a079f","https://brightvisiontechnologies.applytojob.com/apply/q3MT793DDz/Go-Applications-Engineer?source=INDE&~","Go Applications Engineer","BV Teck","Remote, US","2026-07-31","fulltime","direct_data","yearly",130000.0,145000.0,"USD",True,"","","","Harry@bvteck.com","","https://www.indeed.com/cmp/Bv-Teck","http://WWW.BVTECK.COM","#991 Route 22 West, Suite 200,
Bridgewater, New Jersey - 08807","51 to 200","$25M to $100M (USD)","","","","","","","indeed","Remote","junior software engineer"
"in-e258412a2611d1ab","indeed","https://www.indeed.com/viewjob?jk=e258412a2611d1ab","https://www.governmentjobs.com/careers/mapc/jobs/5432912/arts-and-culture-data-planning-intern","Arts and Culture Data & Planning Intern","Metropolitan Area Planning Council","Boston, MA, US","2026-07-31","parttime, fulltime, internship","direct_data","hourly",18.0,23.0,"USD",True,"","","","","","https://www.indeed.com/cmp/Metropolitan-Area-Planning-Council","https://www.mapc.org/","60 Temple Street
Boston, MA 02111","51 to 200","","","","","","","","indeed","Boston, MA","software developer internship"
"in-0dc0ad2e61467b54","indeed","https://www.indeed.com/viewjob?jk=0dc0ad2e61467b54","https://jobs.dayforcehcm.com/en-US/sarnova/CANDIDATEPORTAL/jobs/1270","Dynamics 365 F&O Technical Engineer - Remote - Sarnova","Sarnova HC, LLC","Remote, US","2026-07-31","fulltime","","","","","",True,"","","","","","https://www.indeed.com/cmp/Sarnova-Hc,-LLC","http://www.sarnova.com/","5000 Tuttle Blvd
Dublin Ohio 43016","1,001 to 5,000","$1B to $5B (USD)","","","","","","","indeed","Remote","junior software engineer"
"in-a673fbf7f46cc9dc","indeed","https://www.indeed.com/viewjob?jk=a673fbf7f46cc9dc","https://www.gdit.com/careers/job/e344f1d75/senior-api-microservices-developer/","Senior API / Microservices Developer","General Dynamics Information Technology","Remote, US","2026-07-31","","direct_data","yearly",112840.0,132250.0,"USD",True,"","","","","","https://www.indeed.com/cmp/General-Dynamics-Information-Technology","http://www.gdit.com","Falls Church, VA","10,000+","more than $10B (USD)","","","","","","","indeed","Remote","junior software engineer"
"in-00b579508bad1544","indeed","https://www.indeed.com/viewjob?jk=00b579508bad1544","https://careers.arthrex.com/NorthAmerica/job/Software-Applications-Engineer-Remote/1368303557/","Software Applications Engineer","Arthrex","Remote, US","2026-07-31","","","","","","",True,"","","","","","https://www.indeed.com/cmp/Arthrex","https://arthrex.com/","Naples, FL","5,001 to 10,000","$500M to $1B (USD)","","","","","","","indeed","Remote","junior software engineer"
"in-d1972e127bb15f82","indeed","https://www.indeed.com/viewjob?jk=d1972e127bb15f82","http://www.indeed.com/job/quality-analyst-d1972e127bb15f82","Quality Analyst","LawAccounting LLC","Remote, US","2026-07-31","parttime, fulltime, contract","direct_data","yearly",60000.0,70000.0,"USD",True,"","","","","","https://www.indeed.com/cmp/Lawaccounting-LLC","","","","","","","","","","","indeed","Remote","junior software engineer"
"in-80684dfae7e2517d","indeed","https://www.indeed.com/viewjob?jk=80684dfae7e2517d","https://app.jobvite.com/CompanyJobs/Job.aspx?j=oAuzAfwX&s=Indeed","Sr. Quality Assurance Engineer","Synergy BIS","Remote, US","2026-07-31","fulltime","direct_data","yearly",106500.0,152260.0,"USD",True,"","","","","","https://www.indeed.com/cmp/Synergy-Bis","https://www.synergybis.com/","Reston, VA","501 to 1,000","$100M to $500M (USD)","","","","","","","indeed","Remote","junior software engineer"
"in-605b55ec3731ad5a","indeed","https://www.indeed.com/viewjob?jk=605b55ec3731ad5a","https://grnh.se/mi2soi8b4us","IGA Architect - Saviynt (Remote in the US)","GuidePoint Security","Remote, US","2026-07-31","","","","","","",True,"","","","","Internet And Software","https://www.indeed.com/cmp/Guidepoint-Security","https://www.guidepointsecurity.com","Herndon","51 to 200","$25M to $100M (USD)","","","","","","","indeed","Remote","junior software engineer"
"in-a95abf8af48a4a2b","indeed","https://www.indeed.com/viewjob?jk=a95abf8af48a4a2b","http://www.indeed.com/job/project-manager-a95abf8af48a4a2b","Project Manager","Biz4Group","Remote, US","2026-07-31","temporary, contract","direct_data","hourly",20.0,30.0,"USD",True,"","","","","","https://www.indeed.com/cmp/Biz4group","http://www.biz4group.com","Orlando","11 to 50","","","","","","","","indeed","Remote","software engineer internship"
"in-ed7a4be4cae405dd","indeed","https://www.indeed.com/viewjob?jk=ed7a4be4cae405dd","https://careers-lmi.icims.com/jobs/14367/job?utm_source=indeed_integration&iis=Job%20Board&iisn=Indeed&indeed-apply-token=73a2d2b2a8d6d5c0a62696875eaebd669103652d3f0c2cd5445d3e66b1592b0f","Junior Platform Engineer","LMI","Remote, US","2026-07-30","","","","","","",True,"","","","","","https://www.indeed.com/cmp/Lmi","","","","","","","","","","","indeed","Remote","junior software engineer"
"in-cb36e94b63c0b69f","indeed","https://www.indeed.com/viewjob?jk=cb36e94b63c0b69f","https://grnh.se/j7h9q6td3us","Principal Engineer Motion Planning","Motional","Boston, MA, US","2026-07-30","","direct_data","yearly",240000.0,330000.0,"USD",True,"","","","","","https://www.indeed.com/cmp/Motional","https://www.motional.com","Boston, MA","501 to 1,000","Decline to state","","","","","","","indeed","Boston, MA","junior software engineer"
"in-0507ddc61a9b1b9a","indeed","https://www.indeed.com/viewjob?jk=0507ddc61a9b1b9a","https://explore.enercon.com/jobs/4178/job?utm_source=indeed_integration&iis=Job%20Board&iisn=Indeed&indeed-apply-token=73a2d2b2a8d6d5c0a62696875eaebd669103652d3f0c2cd5445d3e66b1592b0f","Geotechnical Engineer","ENERCON SERVICES, INC","Remote, US","2026-07-30","fulltime","direct_data","yearly",130000.0,180000.0,"USD",True,"","","","recruiting@enercon.com","","https://www.indeed.com/cmp/Enercon-Services,-Inc","https://www.enercon.com/","Kennesaw, GA","1,001 to 5,000","$100M to $500M (USD)","","","","","","","indeed","Remote","junior software engineer"
"in-0f5d29ba53f7ee29","indeed","https://www.indeed.com/viewjob?jk=0f5d29ba53f7ee29","http://www.indeed.com/job/net-software-engineer-0f5d29ba53f7ee29",".NET Software Engineer","Pell Software, LLC","Remote, US","2026-07-30","parttime, fulltime, contract","direct_data","yearly",90000.0,120000.0,"USD",True,"","","","","","https://www.indeed.com/cmp/Pell-Software,-LLC","","","","","","","","","","","indeed","Remote","junior software engineer"
"in-e48919919baa430e","indeed","https://www.indeed.com/viewjob?jk=e48919919baa430e","https://app.jobvite.com/CompanyJobs/Job.aspx?j=oupzAfwM&loc=Cj2PYfwS&s=Indeed","Patching | Senior Software Engineer, Java","NinjaOne","Remote, US","2026-07-30","fulltime","direct_data","yearly",160000.0,240000.0,"USD",True,"","","","","","https://www.indeed.com/cmp/Ninjaone","https://www.ninjaone.com","
Austin, TX","","","","","","","","","indeed","Remote","junior software engineer"
"in-7294cb1ef508fb50","indeed","https://www.indeed.com/viewjob?jk=7294cb1ef508fb50","https://careers-millgroupinc.icims.com/jobs/3096/job?utm_source=indeed_integration&iis=Job%20Board&iisn=Indeed&indeed-apply-token=73a2d2b2a8d6d5c0a62696875eaebd669103652d3f0c2cd5445d3e66b1592b0f","AWS DevOps Engineer","Millennium Corporation","Remote, US","2026-07-30","fulltime","","","","","",True,"","","","","Government","https://www.indeed.com/cmp/Millennium-Corporation","http://www.millgroupinc.com/","1400 Crystal Dr. Ste 400","201 to 500","$25M to $100M (USD)","","","","","","","indeed","Remote","junior software engineer"
"in-71dd40a1445a2da5","indeed","https://www.indeed.com/viewjob?jk=71dd40a1445a2da5","https://app.trinethire.com/companies/294644-betterworks-systems-inc/jobs/123135-software-engineer-associate-ui-platform","Software Engineer, Associate (UI Platform)","betterworks","Menlo Park, CA, US","2026-07-30","fulltime","","","","","",True,"","","","","","https://www.indeed.com/cmp/Betterworks","http://www.betterworks.com","Menlo Park, CA","201 to 500","Decline to state","","","","","","","indeed","San Francisco, CA","software engineer internship"
"in-754b461aeaa984aa","indeed","https://www.indeed.com/viewjob?jk=754b461aeaa984aa","https://app.trinethire.com/companies/130621-curative-hr-llc/jobs/123102-software-engineer-l2-growth-marketing-platform?source=indeed","Software Engineer L2 - Growth Marketing Platform","Curative, Inc.","Austin, TX, US","2026-07-30","fulltime","","yearly","","","USD",True,"","","","","","https://www.indeed.com/cmp/Curative,-Inc.","https://curative.com/","Austin, TX","201 to 500","Decline to state","","","","","","","indeed","Austin, TX","junior software engineer"
"in-92b1cef209e4ea9d","indeed","https://www.indeed.com/viewjob?jk=92b1cef209e4ea9d","https://grnh.se/mk1r6lye1us","Software Engineer II - Full Stack (Remote Eligible)","Smartsheet","Bellevue, WA, US","2026-07-30","","direct_data","yearly",125000.0,175000.0,"USD",True,"","","","","","https://www.indeed.com/cmp/Smartsheet","http://www.smartsheet.com","Bellevue, WA","1,001 to 5,000","$100M to $500M (USD)","","","","","","","indeed","Seattle, WA","junior software engineer"
"in-0616bdb9155a1435","indeed","https://www.indeed.com/viewjob?jk=0616bdb9155a1435","https://app.jobvite.com/CompanyJobs/Job.aspx?j=oupzAfwM&loc=C3bMYfwI&s=Indeed","Patching | Senior Software Engineer, Java","NinjaOne","Remote, US","2026-07-30","fulltime","direct_data","yearly",160000.0,240000.0,"USD",True,"","","","","","https://www.indeed.com/cmp/Ninjaone","https://www.ninjaone.com","
Austin, TX","","","","","","","","","indeed","Remote","junior software engineer"
"in-4aecce9c7139e7c8","indeed","https://www.indeed.com/viewjob?jk=4aecce9c7139e7c8","https://providence.jobs/CE3092BBC57946B3A0BE31229C47F7F3/job/?vs=1554&utm_source=Indeed-DE&utm_medium=Job+Aggregator&utm_campaign=Indeed","Data Engineer I IS - Remote","Providence","Renton, WA, US","2026-07-30","fulltime","direct_data","hourly",34.0,81.0,"USD",True,"","","","","","https://www.indeed.com/cmp/Providence-959155fe","http://www.providence.jobs","Renton, WA","10,000+","$100M to $500M (USD)","","","","","","","indeed","Seattle, WA","junior software engineer"
"in-181a80ce2b67f3fc","indeed","https://www.indeed.com/viewjob?jk=181a80ce2b67f3fc","https://providence.jobs/8A99ED2667724AF0A301BD08822B04B7/job/?vs=1554&utm_source=Indeed-DE&utm_medium=Job+Aggregator&utm_campaign=Indeed","Data Engineer I IS - Remote","Providence","Seattle, WA, US","2026-07-30","fulltime","direct_data","hourly",34.0,81.0,"USD",True,"","","","","","https://www.indeed.com/cmp/Providence-959155fe","http://www.providence.jobs","Renton, WA","10,000+","$100M to $500M (USD)","","","","","","","indeed","Seattle, WA","junior software engineer"
"in-ddbd30062e3f3d35","indeed","https://www.indeed.com/viewjob?jk=ddbd30062e3f3d35","https://grnh.se/vzswjpj61us","Associate Solution Engineer - Mixed Industries - Commercial (West)","Talkdesk","Seattle, WA, US","2026-07-30","","","","","","",True,"","","","Talent@talkdesk.com","","https://www.indeed.com/cmp/Talkdesk","http://www.talkdesk.com","San Francisco, CA","1,001 to 5,000","Decline to state","","","","","","","indeed","Seattle, WA","software engineer internship"
"in-2ac45d2336f958fc","indeed","https://www.indeed.com/viewjob?jk=2ac45d2336f958fc","https://providence.jobs/894E0FA166CE4060ACFF03581731B65C/job/?vs=1554&utm_source=Indeed-DE&utm_medium=Job+Aggregator&utm_campaign=Indeed","Data Engineer I IS - Remote","Providence","Redmond, WA, US","2026-07-30","fulltime","direct_data","hourly",34.0,81.0,"USD",True,"","","","","","https://www.indeed.com/cmp/Providence-959155fe","http://www.providence.jobs","Renton, WA","10,000+","$100M to $500M (USD)","","","","","","","indeed","Seattle, WA","junior software engineer"
"in-94f7c0af8ae0a8f1","indeed","https://www.indeed.com/viewjob?jk=94f7c0af8ae0a8f1","https://app.jobvite.com/CompanyJobs/Job.aspx?j=oupzAfwM&loc=CtkMYfwh&s=Indeed","Patching | Senior Software Engineer, Java","NinjaOne","Remote, US","2026-07-30","fulltime","direct_data","yearly",160000.0,240000.0,"USD",True,"","","","","","https://www.indeed.com/cmp/Ninjaone","https://www.ninjaone.com","
Austin, TX","","","","","","","","","indeed","Remote","junior software engineer"
"in-626853798a1162b2","indeed","https://www.indeed.com/viewjob?jk=626853798a1162b2","https://app.jobvite.com/CompanyJobs/Job.aspx?j=oupzAfwM&loc=C1bMYfwG&s=Indeed","Patching | Senior Software Engineer, Java","NinjaOne","Remote, US","2026-07-30","fulltime","direct_data","yearly",160000.0,240000.0,"USD",True,"","","","","","https://www.indeed.com/cmp/Ninjaone","https://www.ninjaone.com","
Austin, TX","","","","","","","","","indeed","Remote","junior software engineer"
"in-1fec3be32abfcec5","indeed","https://www.indeed.com/viewjob?jk=1fec3be32abfcec5","https://providence.jobs/BD88BD40D1E6469B9C43F65729128CAD/job/?vs=1554&utm_source=Indeed-DE&utm_medium=Job+Aggregator&utm_campaign=Indeed","Data Engineer I IS - Remote","Providence","Napa, CA, US","2026-07-30","fulltime","direct_data","hourly",34.0,81.0,"USD",True,"","","","","","https://www.indeed.com/cmp/Providence-959155fe","http://www.providence.jobs","Renton, WA","10,000+","$100M to $500M (USD)","","","","","","","indeed","San Francisco, CA","junior software engineer"
"in-4681f0cdb58f43b4","indeed","https://www.indeed.com/viewjob?jk=4681f0cdb58f43b4","https://app.jobvite.com/CompanyJobs/Job.aspx?j=oupzAfwM&loc=CkZvYfww&s=Indeed","Patching | Senior Software Engineer, Java","NinjaOne","Remote, US","2026-07-30","fulltime","direct_data","yearly",160000.0,240000.0,"USD",True,"","","","","","https://www.indeed.com/cmp/Ninjaone","https://www.ninjaone.com","
Austin, TX","","","","","","","","","indeed","Remote","junior software engineer"
"in-ac9cc6fa43e17937","indeed","https://www.indeed.com/viewjob?jk=ac9cc6fa43e17937","https://app.jobvite.com/CompanyJobs/Job.aspx?j=oupzAfwM&loc=CfZvYfwr&s=Indeed","Patching | Senior Software Engineer, Java","NinjaOne","Remote, US","2026-07-30","fulltime","direct_data","yearly",160000.0,240000.0,"USD",True,"","","","","","https://www.indeed.com/cmp/Ninjaone","https://www.ninjaone.com","
Austin, TX","","","","","","","","","indeed","Remote","junior software engineer"
"li-4438264452","linkedin","https://www.linkedin.com/jobs/view/4438264452","","Junior JavaScript Developer - Remote work | REF#296996","BairesDev","","2026-07-30","","","","","","",True,"","","","","","https://www.linkedin.com/company/bairesdev","","","","","","","","","","","linkedin","Remote","junior software engineer"
"in-ae2a97f2c1fc8fe2","indeed","https://www.indeed.com/viewjob?jk=ae2a97f2c1fc8fe2","https://app.jobvite.com/CompanyJobs/Job.aspx?j=oupzAfwM&loc=CgZvYfws&s=Indeed","Patching | Senior Software Engineer, Java","NinjaOne","Remote, US","2026-07-30","fulltime","direct_data","yearly",160000.0,240000.0,"USD",True,"","","","","","https://www.indeed.com/cmp/Ninjaone","https://www.ninjaone.com","
Austin, TX","","","","","","","","","indeed","Remote","junior software engineer"
"in-c3f29c88ba14afad","indeed","https://www.indeed.com/viewjob?jk=c3f29c88ba14afad","https://app.jobvite.com/CompanyJobs/Job.aspx?j=oupzAfwM&loc=C2bMYfwH&s=Indeed","Patching | Senior Software Engineer, Java","NinjaOne","Remote, US","2026-07-30","fulltime","direct_data","yearly",160000.0,240000.0,"USD",True,"","","","","","https://www.indeed.com/cmp/Ninjaone","https://www.ninjaone.com","
Austin, TX","","","","","","","","","indeed","Remote","junior software engineer"
"in-ee33336ecc33d225","indeed","https://www.indeed.com/viewjob?jk=ee33336ecc33d225","https://app.jobvite.com/CompanyJobs/Job.aspx?j=oupzAfwM&loc=CiZvYfwu&s=Indeed","Patching | Senior Software Engineer, Java","NinjaOne","Remote, US","2026-07-30","fulltime","direct_data","yearly",160000.0,240000.0,"USD",True,"","","","","","https://www.indeed.com/cmp/Ninjaone","https://www.ninjaone.com","
Austin, TX","","","","","","","","","indeed","Remote","junior software engineer"
"in-db49c0a5282e6897","indeed","https://www.indeed.com/viewjob?jk=db49c0a5282e6897","https://app.jobvite.com/CompanyJobs/Job.aspx?j=oupzAfwM&loc=CjZvYfwv&s=Indeed","Patching | Senior Software Engineer, Java","NinjaOne","Remote, US","2026-07-30","fulltime","direct_data","yearly",160000.0,240000.0,"USD",True,"","","","","","https://www.indeed.com/cmp/Ninjaone","https://www.ninjaone.com","
Austin, TX","","","","","","","","","indeed","Remote","junior software engineer"
"in-d75f1e0acc97b33f","indeed","https://www.indeed.com/viewjob?jk=d75f1e0acc97b33f","https://app.jobvite.com/CompanyJobs/Job.aspx?j=oupzAfwM&loc=ChZvYfwt&s=Indeed","Patching | Senior Software Engineer, Java","NinjaOne","Remote, US","2026-07-30","fulltime","direct_data","yearly",160000.0,240000.0,"USD",True,"","","","","","https://www.indeed.com/cmp/Ninjaone","https://www.ninjaone.com","
Austin, TX","","","","","","","","","indeed","Remote","junior software engineer"
"in-8b434bb5406d5b2c","indeed","https://www.indeed.com/viewjob?jk=8b434bb5406d5b2c","https://app.jobvite.com/CompanyJobs/Job.aspx?j=oupzAfwM&loc=ClZvYfwx&s=Indeed","Patching | Senior Software Engineer, Java","NinjaOne","Remote, US","2026-07-30","fulltime","direct_data","yearly",160000.0,240000.0,"USD",True,"","","","","","https://www.indeed.com/cmp/Ninjaone","https://www.ninjaone.com","
Austin, TX","","","","","","","","","indeed","Remote","junior software engineer"
"in-70c9f7894900c12b","indeed","https://www.indeed.com/viewjob?jk=70c9f7894900c12b","https://app.jobvite.com/CompanyJobs/Job.aspx?j=oupzAfwM&loc=CVbMYfwA&s=Indeed","Patching | Senior Software Engineer, Java","NinjaOne","Remote, US","2026-07-30","fulltime","direct_data","yearly",160000.0,240000.0,"USD",True,"","","","","","https://www.indeed.com/cmp/Ninjaone","https://www.ninjaone.com","
Austin, TX","","","","","","","","","indeed","Remote","junior software engineer"
"in-132c54d35d2d38fe","indeed","https://www.indeed.com/viewjob?jk=132c54d35d2d38fe","https://app.jobvite.com/CompanyJobs/Job.aspx?j=oupzAfwM&loc=CWbMYfwB&s=Indeed","Patching | Senior Software Engineer, Java","NinjaOne","Remote, US","2026-07-30","fulltime","direct_data","yearly",160000.0,240000.0,"USD",True,"","","","","","https://www.indeed.com/cmp/Ninjaone","https://www.ninjaone.com","
Austin, TX","","","","","","","","","indeed","Remote","junior software engineer"
"in-dbff153e2763a5f1","indeed","https://www.indeed.com/viewjob?jk=dbff153e2763a5f1","https://app.jobvite.com/CompanyJobs/Job.aspx?j=oupzAfwM&loc=CYbMYfwD&s=Indeed","Patching | Senior Software Engineer, Java","NinjaOne","Remote, US","2026-07-30","fulltime","direct_data","yearly",160000.0,240000.0,"USD",True,"","","","","","https://www.indeed.com/cmp/Ninjaone","https://www.ninjaone.com","
Austin, TX","","","","","","","","","indeed","Remote","junior software engineer"
"in-18b48be79c244c04","indeed","https://www.indeed.com/viewjob?jk=18b48be79c244c04","https://app.jobvite.com/CompanyJobs/Job.aspx?j=oupzAfwM&loc=CXbMYfwC&s=Indeed","Patching | Senior Software Engineer, Java","NinjaOne","Remote, US","2026-07-30","fulltime","direct_data","yearly",160000.0,240000.0,"USD",True,"","","","","","https://www.indeed.com/cmp/Ninjaone","https://www.ninjaone.com","
Austin, TX","","","","","","","","","indeed","Remote","junior software engineer"
"in-2c5c50af4c66bd51","indeed","https://www.indeed.com/viewjob?jk=2c5c50af4c66bd51","https://app.jobvite.com/CompanyJobs/Job.aspx?j=oupzAfwM&loc=CZbMYfwE&s=Indeed","Patching | Senior Software Engineer, Java","NinjaOne","Remote, US","2026-07-30","fulltime","direct_data","yearly",160000.0,240000.0,"USD",True,"","","","","","https://www.indeed.com/cmp/Ninjaone","https://www.ninjaone.com","
Austin, TX","","","","","","","","","indeed","Remote","junior software engineer"
"in-eb02a9962e86a871","indeed","https://www.indeed.com/viewjob?jk=eb02a9962e86a871","https://app.jobvite.com/CompanyJobs/Job.aspx?j=oupzAfwM&loc=C0bMYfwF&s=Indeed","Patching | Senior Software Engineer, Java","NinjaOne","Remote, US","2026-07-30","fulltime","direct_data","yearly",160000.0,240000.0,"USD",True,"","","","","","https://www.indeed.com/cmp/Ninjaone","https://www.ninjaone.com","
Austin, TX","","","","","","","","","indeed","Remote","junior software engineer"
"in-851944cc796e4197","indeed","https://www.indeed.com/viewjob?jk=851944cc796e4197","https://jobs.ashbyhq.com/Flock%20Safety/c0073d1d-7da9-4e12-ac9f-61d68118280f","Senior Software Engineer, Pipeline","Flock Safety","Remote, US","2026-07-29","fulltime","direct_data","yearly",172000.0,200000.0,"USD",True,"","","","recruiting@flocksafety.com, noreply@ashbyhq.com, recruiting@flocksafety.com","","https://www.indeed.com/cmp/Flock-Safety","https://www.flocksafety.com","Atlanta","11 to 50","","","","","","","","indeed","Remote","junior software engineer"
"in-db86cdef8046c111","indeed","https://www.indeed.com/viewjob?jk=db86cdef8046c111","https://jobs.lever.co/zerocarbonsystems/e917811e-8f21-4183-8954-452173d47cb1?lever-source=Indeed","Senior Mechanical Engineer","","Remote, US","2026-07-29","fulltime","direct_data","yearly",140000.0,160000.0,"USD",True,"","","","","","","","","","","","","","","","","indeed","Remote","junior software engineer"
"in-38155ab91e9fd9a6","indeed","https://www.indeed.com/viewjob?jk=38155ab91e9fd9a6","https://app.jobvite.com/CompanyJobs/Job.aspx?j=ohZizfwR&loc=Cj2PYfwS&s=Indeed","Patching | Senior Software Engineer, Java","NinjaOne","Remote, US","2026-07-29","fulltime","direct_data","yearly",160000.0,240000.0,"USD",True,"","","","","","https://www.indeed.com/cmp/Ninjaone","https://www.ninjaone.com","
Austin, TX","","","","","","","","","indeed","Remote","junior software engineer"
"in-053d5ad4cd346113","indeed","https://www.indeed.com/viewjob?jk=053d5ad4cd346113","https://grnh.se/cn4aq5hm8us","Staff AI Engineer","Robots & Pencils","Remote, US","2026-07-29","","direct_data","yearly",177375.0,209625.0,"USD",True,"","","","","","https://www.indeed.com/cmp/Robots-&-Pencils-3","https://www.robotsandpencils.com","Calgary, AB","51 to 200","Decline to state","","","","","","","indeed","Remote","junior software engineer"
"in-c898e862f792a9b9","indeed","https://www.indeed.com/viewjob?jk=c898e862f792a9b9","http://www.indeed.com/job/lead-structural-engineer-c898e862f792a9b9","Lead Structural Engineer","Precision Partners","Remote, US","2026-07-29","fulltime","direct_data","yearly",100000.0,120000.0,"USD",True,"","","","","","https://www.indeed.com/cmp/Precision-Partners","http://www.precisionpartnersinc.com","Hazlet, NJ","501 to 1,000","less than $1M (USD)","","","","","","","indeed","Remote","junior software engineer"
"in-97f188538750c90c","indeed","https://www.indeed.com/viewjob?jk=97f188538750c90c","https://jobs.lever.co/BlueMatrix/105b45d9-a5ac-45c2-8acc-f38b10b8afda?lever-source=Indeed","Software Engineer","bluematrix","Remote, US","2026-07-29","fulltime","","","","","",True,"","","","","","https://www.indeed.com/cmp/Bluematrix","http://www.bluematrix.com","New York","51 to 200","","","","","","","","indeed","Remote","junior software engineer"
"in-0f036831c829fb8c","indeed","https://www.indeed.com/viewjob?jk=0f036831c829fb8c","https://app.jobvite.com/CompanyJobs/Job.aspx?j=oAPwAfwf&s=Indeed","Senior Salesforce Developer","Synergy BIS","Remote, US","2026-07-29","fulltime","direct_data","yearly",163000.0,196000.0,"USD",True,"","","","","","https://www.indeed.com/cmp/Synergy-Bis","https://www.synergybis.com/","Reston, VA","501 to 1,000","$100M to $500M (USD)","","","","","","","indeed","Remote","junior software engineer"
"in-6146b6321dec02e9","indeed","https://www.indeed.com/viewjob?jk=6146b6321dec02e9","https://careers.cognizant.com/global-en/jobs/00069909031/cloud-architect/","Cloud Architect","Cognizant","New York, NY, US","2026-07-29","fulltime","","yearly","","","USD",True,"","","","","","https://www.indeed.com/cmp/Cognizant-f7abe767","https://www.cognizant.com/","","10,000+","more than $10B (USD)","","","","","","","indeed","New York, NY","junior software engineer"
"in-713cb5cc9ea9ee2d","indeed","https://www.indeed.com/viewjob?jk=713cb5cc9ea9ee2d","http://www.indeed.com/job/software-engineer-713cb5cc9ea9ee2d","Software Engineer","Calimontex Technologies LLC","Remote, US","2026-07-29","fulltime","","","","","",True,"","","","","","https://www.indeed.com/cmp/Calimontex-Technologies-LLC","","","","","","","","","","","indeed","Remote","backend engineer internship"
"in-25edfb6d7b58777c","indeed","https://www.indeed.com/viewjob?jk=25edfb6d7b58777c","https://grnh.se/ikh5svn44us","Senior Software Engineer","Talkspace","New York, NY, US","2026-07-29","","direct_data","yearly",146000.0,180000.0,"USD",True,"","","","","","https://www.indeed.com/cmp/Talkspace","https://www.talkspace.com/","622 3rd Avenue New York, NY 10017","201 to 500","$100M to $500M (USD)","","","","","","","indeed","New York, NY","junior software engineer"
"li-4446524023","linkedin","https://www.linkedin.com/jobs/view/4446524023","","Associate Software Development Engineer (Remote US)","Revvity","Boston, MA","2026-07-29","","","","","","",True,"","","","","","https://www.linkedin.com/company/revvity","","","","","","","","","","","linkedin","Boston, MA","junior software engineer"
"in-99bebc0f7af2f6dc","indeed","https://www.indeed.com/viewjob?jk=99bebc0f7af2f6dc","https://grnh.se/e81f26431us","Senior Software Development Engineer in Test","Qualia","Austin, TX, US","2026-07-28","","","","","","",True,"","","","","","https://www.indeed.com/cmp/Qualia-4","http://www.qualia.com","50 Fremont St #3600, San Francisco, CA 94105","501 to 1,000","","","","","","","","indeed","Austin, TX","junior software engineer"
"in-c1db81835fef990c","indeed","https://www.indeed.com/viewjob?jk=c1db81835fef990c","https://grnh.se/26b3gz4w1us","Senior Production Support Engineer","Marqeta","Oakland, CA, US","2026-07-28","","direct_data","yearly",86500.0,108100.0,"USD",True,"","","","","Banks And Financial Services","https://www.indeed.com/cmp/Marqeta","http://www.marqeta.com","Oakland","501 to 1,000","","","","","","","","indeed","San Francisco, CA","junior software engineer"
"in-67516f00c9c55168","indeed","https://www.indeed.com/viewjob?jk=67516f00c9c55168","https://careers-americas.icims.com/jobs/25586/job?utm_source=indeed_integration&iis=Job%20Board&iisn=Indeed&indeed-apply-token=73a2d2b2a8d6d5c0a62696875eaebd669103652d3f0c2cd5445d3e66b1592b0f","Principal Backend Software Engineer","Atlassian","San Francisco, CA, US","2026-07-28","","direct_data","yearly",174051.0,273775.0,"USD",True,"","","","","","https://www.indeed.com/cmp/Atlassian","https://www.atlassian.com","Sydney","10,000+","Decline to state","","","","","","","indeed","San Francisco, CA","junior software engineer"
"in-aa19ee53997b5785","indeed","https://www.indeed.com/viewjob?jk=aa19ee53997b5785","https://jobs.ashbyhq.com/eliza/3190c7b1-a01f-42e0-9a16-2c6dfc40eb8d?utm_source=zqmKWMbPwV","Associate Forward Deployed Engineer","Eliza","Remote, US","2026-07-28","fulltime","","","","","",True,"","","","","","https://www.indeed.com/cmp/Eliza","","","","","","","","","","","indeed","Remote","software engineer internship"
"in-f538251017b46379","indeed","https://www.indeed.com/viewjob?jk=f538251017b46379","https://uhg.taleo.net/careersection/10000/jobdetail.ftl?job=2368186&lang=en","Sr Software Engineer","Optum","Basking Ridge, NJ, US","2026-07-27","fulltime","direct_data","yearly",91700.0,163700.0,"USD",True,"","","","","","https://www.indeed.com/cmp/Optum","https://www.optum.com","Eden Prairie, MN","10,000+","more than $10B (USD)","","","","","","","indeed","New York, NY","junior software engineer"
"in-192c0a1b3bfa69c2","indeed","https://www.indeed.com/viewjob?jk=192c0a1b3bfa69c2","https://recruiting.ultipro.com/HOL1002HPHM/JobBoard/be27b89b-3cb9-491f-a1b0-42f8b077a9dd/OpportunityDetail?opportunityId=4c23f109-e240-40d7-b658-774d2431232d&postingId=9be6a053-3a7c-4028-804a-18a80276b3a4","Lead Snowflake DBA (Contract to Hire)","Macmillan Publishers","New York, NY, US","2026-07-27","","","hourly","","","USD",True,"","","","","Media News And Publishing","https://www.indeed.com/cmp/Macmillan-Publishers","http://www.macmillan.com","New York, NY","1,001 to 5,000","$500M to $1B (USD)","","","","","","","indeed","New York, NY","junior software engineer"
"in-6a7527937ff02f34","indeed","https://www.indeed.com/viewjob?jk=6a7527937ff02f34","https://jobs.smartrecruiters.com/Sectigo/3743990014287646-network-engineer","Network Engineer","Sectigo","Manchester, NH, US","2026-07-27","fulltime","direct_data","yearly",55000.0,62000.0,"USD",True,"","","","","","https://www.indeed.com/cmp/Sectigo","http://www.sectigo.com","Salford","201 to 500","","","","","","","","indeed","Boston, MA","junior software engineer"
"in-c4755487948518c9","indeed","https://www.indeed.com/viewjob?jk=c4755487948518c9","https://careers.moove.io/jobs/8133642-software-engineer","Software Engineer","Moove","Remote, US","2026-07-27","internship","","","","","",True,"","","","","","https://www.indeed.com/cmp/Moove-6","","","","","","","","","","","indeed","Remote","software engineer internship"
"in-f5bcd53ce2610836","indeed","https://www.indeed.com/viewjob?jk=f5bcd53ce2610836","https://grnh.se/6jj3kd7y3us","Product Security Engineer II","Affirm","San Francisco, CA, US","2026-07-27","","direct_data","yearly",146000.0,225000.0,"USD",True,"","","","","","https://www.indeed.com/cmp/Affirm","https://www.affirm.com","San Francisco, CA","1,001 to 5,000","Decline to state","","","","","","","indeed","San Francisco, CA","software engineer internship"
"li-4445396111","linkedin","https://www.linkedin.com/jobs/view/4445396111","","Remote Junior Front-End Developer Role","PulseMediaNL","Medina, Al Madinah, Saudi Arabia","2026-07-26","","","","","","",True,"","","","","","https://es.linkedin.com/company/pulsemedianl","","","","","","","","","","","linkedin","Remote","junior software engineer"
"li-4444663200","linkedin","https://www.linkedin.com/jobs/view/4444663200","","Typescript Open Source Contributor - Remote","YO IT Consulting","Seattle, WA","2026-07-25","","","","","","",True,"","","","","","https://ae.linkedin.com/company/yohritconsulting","","","","","","","","","","","linkedin","Seattle, WA","junior software engineer"
"li-4444775530","linkedin","https://www.linkedin.com/jobs/view/4444775530","","Frontend Software Engineer - Remote","YO IT Consulting","Seattle, WA","2026-07-24","","","","","","",True,"","","","","","https://ae.linkedin.com/company/yohritconsulting","","","","","","","","","","","linkedin","Seattle, WA","junior software engineer"
"li-4444771731","linkedin","https://www.linkedin.com/jobs/view/4444771731","","Frontend Software Engineer - Remote","YO IT Consulting","Boston, MA","2026-07-24","","","","","","",True,"","","","","","https://ae.linkedin.com/company/yohritconsulting","","","","","","","","","","","linkedin","Boston, MA","junior software engineer"
"li-4444329719","linkedin","https://www.linkedin.com/jobs/view/4444329719","","Web Developer (HTML,CSS) | $90/hr Remote","Crossing Hurdles","","2026-07-24","","","","","","",True,"","","","","","https://www.linkedin.com/company/crossinghurdles","","","","","","","","","","","linkedin","Remote","junior software engineer"
"in-b7a21be93108e1cb","indeed","https://www.indeed.com/viewjob?jk=b7a21be93108e1cb","https://click.appcast.io/t/ffKF9TPS3fEMPcA5oR2amQlnBEUsOE2Dd3tYn_wIPEo=","Forward Deploy Engineer","JLL","San Francisco, CA, US","2026-07-24","fulltime","direct_data","yearly",220000.0,320000.0,"USD",True,"","","","HRSCLeaves@jll.com","Real Estate","https://www.indeed.com/cmp/Jll","https://www.us.jll.com/en/careers","200 East Randolph Street
Chicago, Illinois 60601","10,000+","more than $10B (USD)","","","","","","","indeed","San Francisco, CA","junior software engineer"
"in-bea0d9e7022fd324","indeed","https://www.indeed.com/viewjob?jk=bea0d9e7022fd324","https://grnh.se/9z3z4l392us","Senior Machine Learning Engineer","Agero","Medford, MA, US","2026-07-24","","direct_data","yearly",133800.0,180600.0,"USD",True,"","","","","","https://www.indeed.com/cmp/Agero-8","http://www.agero.com","Medford, MA","1,001 to 5,000","$500M to $1B (USD)","","","","","","","indeed","Boston, MA","junior software engineer"
"in-e00458dd00ce6b98","indeed","https://www.indeed.com/viewjob?jk=e00458dd00ce6b98","https://grnh.se/p422r6fp3us","Sr. Forward Deployed Engineer","Cohere Health","Boston, MA, US","2026-07-24","","direct_data","yearly",135000.0,160000.0,"USD",True,"","","","","","https://www.indeed.com/cmp/Cohere-Health-2","https://www.coherehealth.com/","Boston, MA
Hyderabad, India","501 to 1,000","","","","","","","","indeed","Boston, MA","junior software engineer"
"in-9a05767ec7d35d72","indeed","https://www.indeed.com/viewjob?jk=9a05767ec7d35d72","https://grnh.se/qz56c5b31us","Staff Engineer, Inference Optimizations","DigitalOcean","Boston, MA, US","2026-07-23","","direct_data","yearly",191200.0,239000.0,"USD",True,"","","","","","https://www.indeed.com/cmp/Digitalocean","https://www.digitalocean.com/","105 Edgeview Drive, Suite 425, Broomfield, CO, United States, 80021","1,001 to 5,000","$1B to $5B (USD)","","","","","","","indeed","Boston, MA","junior software engineer"
"in-e0c3a5ca610eb899","indeed","https://www.indeed.com/viewjob?jk=e0c3a5ca610eb899","https://grnh.se/k6zs1q2w1us","Staff Engineer, Inference Optimizations","DigitalOcean","San Francisco, CA, US","2026-07-23","","direct_data","yearly",191200.0,239000.0,"USD",True,"","","","","","https://www.indeed.com/cmp/Digitalocean","https://www.digitalocean.com/","105 Edgeview Drive, Suite 425, Broomfield, CO, United States, 80021","1,001 to 5,000","$1B to $5B (USD)","","","","","","","indeed","San Francisco, CA","junior software engineer"
"li-4444286973","linkedin","https://www.linkedin.com/jobs/view/4444286973","","Entry-Level Software Engineer | Remote","Crossing Hurdles","","2026-07-23","","","","","","",True,"","","","","","https://www.linkedin.com/company/crossinghurdles","","","","","","","","","","","linkedin","Remote","junior software engineer"
"in-6758587d17ab7a3e","indeed","https://www.indeed.com/viewjob?jk=6758587d17ab7a3e","https://grnh.se/7j9ynvde1us","Senior Engineer, Inference Data Plane","DigitalOcean","Boston, MA, US","2026-07-23","","direct_data","yearly",139200.0,174000.0,"USD",True,"","","","","","https://www.indeed.com/cmp/Digitalocean","https://www.digitalocean.com/","105 Edgeview Drive, Suite 425, Broomfield, CO, United States, 80021","1,001 to 5,000","$1B to $5B (USD)","","","","","","","indeed","Boston, MA","junior software engineer"
"in-9cdbb456c3c9828a","indeed","https://www.indeed.com/viewjob?jk=9cdbb456c3c9828a","https://app.trinethire.com/companies/130621-curative-hr-llc/jobs/122833-software-engineer-l2-finance-accounting-platform?source=indeed","Software Engineer L2 - Finance & Accounting Platform","Curative, Inc.","Austin, TX, US","2026-07-23","fulltime","","yearly","","","USD",True,"","","","","","https://www.indeed.com/cmp/Curative,-Inc.","https://curative.com/","Austin, TX","201 to 500","Decline to state","","","","","","","indeed","Austin, TX","junior software engineer"
"in-855144074d7815a6","indeed","https://www.indeed.com/viewjob?jk=855144074d7815a6","https://grnh.se/vwaodn6f1us","Staff Engineer, Inference Optimizations","DigitalOcean","Austin, TX, US","2026-07-23","","direct_data","yearly",191200.0,239000.0,"USD",True,"","","","","","https://www.indeed.com/cmp/Digitalocean","https://www.digitalocean.com/","105 Edgeview Drive, Suite 425, Broomfield, CO, United States, 80021","1,001 to 5,000","$1B to $5B (USD)","","","","","","","indeed","Austin, TX","junior software engineer"
"in-c5e3882fc524d8a4","indeed","https://www.indeed.com/viewjob?jk=c5e3882fc524d8a4","https://grnh.se/7wwt77mz1us","Senior Software Engineer I - AI Inference Data Plane","DigitalOcean","Austin, TX, US","2026-07-23","","direct_data","yearly",139200.0,174000.0,"USD",True,"","","","","","https://www.indeed.com/cmp/Digitalocean","https://www.digitalocean.com/","105 Edgeview Drive, Suite 425, Broomfield, CO, United States, 80021","1,001 to 5,000","$1B to $5B (USD)","","","","","","","indeed","Austin, TX","junior software engineer"
"in-d8282f908c624221","indeed","https://www.indeed.com/viewjob?jk=d8282f908c624221","https://grnh.se/7hw6nv5e1us","Senior Software Engineer I - AI Inference Data Plane","DigitalOcean","San Francisco, CA, US","2026-07-23","","direct_data","yearly",139200.0,174000.0,"USD",True,"","","","","","https://www.indeed.com/cmp/Digitalocean","https://www.digitalocean.com/","105 Edgeview Drive, Suite 425, Broomfield, CO, United States, 80021","1,001 to 5,000","$1B to $5B (USD)","","","","","","","indeed","San Francisco, CA","junior software engineer"
"li-4435329894","linkedin","https://www.linkedin.com/jobs/view/4435329894","","Junior JavaScript Developer - Remote work | REF#296620","BairesDev","Bengaluru, Karnataka, India","2026-07-22","","","","","","",True,"","","","","","https://www.linkedin.com/company/bairesdev","","","","","","","","","","","linkedin","Remote","junior software engineer"
"in-e006c183fb83228e","indeed","https://www.indeed.com/viewjob?jk=e006c183fb83228e","https://grnh.se/vepk8szz3us","Senior Network Engineer, Axon 911","Axon","New York, NY, US","2026-07-22","","direct_data","yearly",111000.0,177600.0,"USD",True,"","","","axongreenhousesupport@axon.com, recruitingops@axon.com, recruitingops@axon.com","Industrial Manufacturing","https://www.indeed.com/cmp/Axon","https://www.axon.com/company/careers","Scottsdale","501 to 1,000","$100M to $500M (USD)","","","","","","","indeed","New York, NY","junior software engineer"
"in-90afb708df1c9382","indeed","https://www.indeed.com/viewjob?jk=90afb708df1c9382","https://grnh.se/q9lwedbl9us","Senior Electrical Engineer","Woolpert","New York, NY, US","2026-07-22","fulltime","direct_data","yearly",139200.0,174000.0,"USD",True,"","","","askhr@woolpert.com, recruiting@woolpert.com","","https://www.indeed.com/cmp/Woolpert","http://woolpert.com","","Decline to state","Decline to state","","","","","","","indeed","New York, NY","junior software engineer"
"in-0b38a6f4f3651270","indeed","https://www.indeed.com/viewjob?jk=0b38a6f4f3651270","https://wilsonlanguage.hrmdirect.com/employment/view.php?req=3767040&jbsrc=1014&location=cfe19abe-8b3f-5a79-c3e1-5a75ec3089f7","Data Engineering Intern","Wilson Language Training Corp.","Remote, US","2026-07-21","fulltime","direct_data","hourly",25.0,30.0,"USD",True,"","","","","","https://www.indeed.com/cmp/Wilson-Language-Training-Corp.","https://www.wilsonlanguage.com","Oxford, Massachusetts","201 to 500","$100M to $500M (USD)","","","","","","","indeed","Remote","software engineer internship"
"in-5494eba2ad51415a","indeed","https://www.indeed.com/viewjob?jk=5494eba2ad51415a","https://grnh.se/zyp6x2v51us","Staff Technical Product Marketing Manager","DigitalOcean","San Francisco, CA, US","2026-07-21","","direct_data","yearly",180000.0,209000.0,"USD",True,"","","","","","https://www.indeed.com/cmp/Digitalocean","https://www.digitalocean.com/","105 Edgeview Drive, Suite 425, Broomfield, CO, United States, 80021","1,001 to 5,000","$1B to $5B (USD)","","","","","","","indeed","San Francisco, CA","junior software engineer"
"li-4435335779","linkedin","https://www.linkedin.com/jobs/view/4435335779","","Junior JavaScript Developer - Remote work | REF#296622","BairesDev","Chennai, Tamil Nadu, India","2026-07-21","","","","","","",True,"","","","","","https://www.linkedin.com/company/bairesdev","","","","","","","","","","","linkedin","Remote","junior software engineer"
"in-48a127bdfaef07a4","indeed","https://www.indeed.com/viewjob?jk=48a127bdfaef07a4","https://grnh.se/qdd5m1153us","Senior Staff Software Engineer","Fivetran","New York, NY, US","2026-07-21","fulltime","direct_data","yearly",207073.0,258841.0,"USD",True,"","","","","","https://www.indeed.com/cmp/Fivetran","https://fivetran.com/","","","","","","","","","","indeed","New York, NY","junior software engineer"
"in-41ed26dc63dad12f","indeed","https://www.indeed.com/viewjob?jk=41ed26dc63dad12f","https://grnh.se/m7fub7qv1us","Senior Technical Product Marketing Manager II","DigitalOcean","San Francisco, CA, US","2026-07-21","","direct_data","yearly",150000.0,174000.0,"USD",True,"","","","","","https://www.indeed.com/cmp/Digitalocean","https://www.digitalocean.com/","105 Edgeview Drive, Suite 425, Broomfield, CO, United States, 80021","1,001 to 5,000","$1B to $5B (USD)","","","","","","","indeed","San Francisco, CA","junior software engineer"
"in-3016ba40a7cb5e94","indeed","https://www.indeed.com/viewjob?jk=3016ba40a7cb5e94","https://jobs.ashbyhq.com/delinea/27b3ebc2-0117-49ce-90ef-cc2f77edeba7?utm_source=94QNbQ47m0","Manager, Software Development Engineering","Delinea","Redwood City, CA, US","2026-07-20","fulltime","direct_data","yearly",144000.0,181000.0,"USD",True,"","","","","Internet And Software","https://www.indeed.com/cmp/Delinea-3","http://www.delinea.com","1101 17th St. NW
Suite 1102
Washington, DC 20036","501 to 1,000","$1B to $5B (USD)","","","","","","","indeed","San Francisco, CA","junior software engineer"
"in-54fa68f69cf2083f","indeed","https://www.indeed.com/viewjob?jk=54fa68f69cf2083f","https://grnh.se/gb70tx6u9us","Data Engineer II - (Remote)","Fanatics Betting & Gaming","New York, NY, US","2026-07-20","fulltime","direct_data","yearly",118000.0,156000.0,"USD",True,"","","","","","https://www.indeed.com/cmp/Fanatics-Betting-&-Gaming","","","","","","","","","","","indeed","New York, NY","junior software engineer"
"in-3f8b444c9d5302bd","indeed","https://www.indeed.com/viewjob?jk=3f8b444c9d5302bd","https://grnh.se/x5kcmml74us","Senior Linux Device Programmer","Owl Labs","Boston, MA, US","2026-07-20","","direct_data","yearly",170000.0,185000.0,"USD",True,"","","","","","https://www.indeed.com/cmp/Owl-Labs","http://www.owllabs.com","226 Causeway Street,  Boston MA","51 to 200","","","","","","","","indeed","Boston, MA","junior software engineer"
"in-684bc6f3b9c29818","indeed","https://www.indeed.com/viewjob?jk=684bc6f3b9c29818","https://job-boards.greenhouse.io/codepath/jobs/5191010007","Senior Partnership Manager, Higher Education","CodePath.org","Remote, US","2026-07-20","fulltime","direct_data","yearly",130000.0,150000.0,"USD",True,"","","","","","https://www.indeed.com/cmp/Codepath.org","https://www.codepath.org","San Francisco","11 to 50","","","","","","","","indeed","Remote","software engineer internship"
"in-be0442e3b90d84d4","indeed","https://www.indeed.com/viewjob?jk=be0442e3b90d84d4","https://grnh.se/xwubotz72us","Tech Support Engineer IV (Remote)","Brain Corp","Austin, TX, US","2026-07-17","","direct_data","hourly",44.0,57.0,"USD",True,"","","","","","https://www.indeed.com/cmp/Brain-Corp","","","","","","","","","","","indeed","Austin, TX","junior software engineer"
"in-7351d224df8f8769","indeed","https://www.indeed.com/viewjob?jk=7351d224df8f8769","https://apply.workable.com/j/833CAFC019","Lighting Artist - GameSim - Talent Pipeline","Keywords Studios","Austin, TX, US","2026-07-17","fulltime","direct_data","yearly",70000.0,80000.0,"USD",True,"","","","","","https://www.indeed.com/cmp/Keywords-Studios","http://www.keywordsstudios.com","Dublin, Dublin","10,000+","$25M to $100M (USD)","","","","","","","indeed","Austin, TX","junior software engineer"
"in-78873a3ff4104b83","indeed","https://www.indeed.com/viewjob?jk=78873a3ff4104b83","https://jobs.ashbyhq.com/Deepgram/dc8693b5-72ce-4ca3-ab15-9c8434d35da1?employmentType=FullTime","Software Engineering- Internship (Fall 2026/Summer 2027)","Deepgram","Remote, US","2026-07-17","fulltime","direct_data","hourly",55.0,65.0,"USD",True,"","","","","","https://www.indeed.com/cmp/Deepgram","https://www.deepgram.com","Mountain View","2 to 10","","","","","","","","indeed","Remote","software developer internship"
"in-cba7a72b4aa6c5b3","indeed","https://www.indeed.com/viewjob?jk=cba7a72b4aa6c5b3","https://jobs.lever.co/thinkahead/b044c4f0-4509-425f-8581-58070ded2379?lever-source=Indeed","Software Engineer","Ahead","Remote, US","2026-07-17","fulltime","direct_data","yearly",100000.0,130000.0,"USD",True,"","","","privacy@ahead.com","","https://www.indeed.com/cmp/Ahead-35983ddd","http://www.ahead.com","Chicago, IL","1,001 to 5,000","$1B to $5B (USD)","","","","","","","indeed","Remote","software engineer internship"
"in-f831f340c7fe56b8","indeed","https://www.indeed.com/viewjob?jk=f831f340c7fe56b8","https://careers.asplundhengineering.com/jobs/17628791-senior-electrical-engineer-physical-substation-design?tm_job=5596-OTHLOC-CcjCYfwP&tm_event=view&tm_company=91679","Senior Electrical Engineer, Physical Substation Design","Asplundh Engineering Services","Newark, NJ, US","2026-07-16","fulltime","direct_data","yearly",130000.0,179000.0,"USD",True,"","","","","","https://www.indeed.com/cmp/Asplundh-Engineering-Services","","","","","","","","","","","indeed","New York, NY","junior software engineer"
"in-1d88111d9b196dd1","indeed","https://www.indeed.com/viewjob?jk=1d88111d9b196dd1","http://www.indeed.com/job/intern-quality-assurance-analyst-1d88111d9b196dd1","Intern Quality Assurance Analyst","Miracuves","Remote, US","2026-07-16","fulltime, internship","","monthly","","","USD",True,"","","","","","https://www.indeed.com/cmp/Miracuves","","Mumbai","11 to 50","","","","","","","","indeed","Remote","software developer internship"
"in-f810ce0584ff7fde","indeed","https://www.indeed.com/viewjob?jk=f810ce0584ff7fde","https://intel.wd1.myworkdayjobs.com/en-US/External/job/Virtual-US/Sales-Engineer---Dallas--TX_JR0285737","Sales Engineer - Dallas, TX","Intel Corporation","Remote, US","2026-07-16","fulltime","direct_data","yearly",183330.0,352540.0,"USD",True,"","","","","","https://www.indeed.com/cmp/Intel-Corporation","https://jobs.intel.com/","Santa Clara, CA","10,000+","more than $10B (USD)","","","","","","","indeed","Remote","software engineer internship"
"in-c03c2596d3e5ca31","indeed","https://www.indeed.com/viewjob?jk=c03c2596d3e5ca31","https://ats.rippling.com/dlb-associates/jobs/911e8912-6078-471a-abbe-2210bf8ce377?jobSite=Indeed","Construction Coordinator Intern (Electrical)","DLB Associates","Remote, US","2026-07-16","internship","","","","","",True,"","","","","","https://www.indeed.com/cmp/Dlb-Associates","http://www.dlbassociates.com","We are fully remote. Live anywhere in the US!","201 to 500","$25M to $100M (USD)","","","","","","","indeed","Remote","software engineer internship"
"in-6717dfb66d2a7e1c","indeed","https://www.indeed.com/viewjob?jk=6717dfb66d2a7e1c","https://jobs.ashbyhq.com/TigerData/d07c7cb2-c304-455c-9941-55e14f8a92c5","Senior Software Engineer, Enterprise","Tiger Data","Remote, US","2026-07-16","fulltime","","","","","",True,"","","","","","https://www.indeed.com/cmp/Tiger-Data","","","","","","","","","","","indeed","Remote","backend engineer internship"
"in-803e2e8f70751635","indeed","https://www.indeed.com/viewjob?jk=803e2e8f70751635","https://careers-americas.icims.com/jobs/25758/job?utm_source=indeed_integration&iis=Job%20Board&iisn=Indeed&indeed-apply-token=73a2d2b2a8d6d5c0a62696875eaebd669103652d3f0c2cd5445d3e66b1592b0f","Strategic Account Executive - West","Atlassian","San Francisco, CA, US","2026-07-16","","direct_data","yearly",205740.0,255000.0,"USD",True,"","","","","","https://www.indeed.com/cmp/Atlassian","https://www.atlassian.com","Sydney","10,000+","Decline to state","","","","","","","indeed","San Francisco, CA","junior software engineer"
"in-1f5b0652f70982aa","indeed","https://www.indeed.com/viewjob?jk=1f5b0652f70982aa","https://grnh.se/ycp1wsap1us","Senior Director, Inference Products and Optimizations","DigitalOcean","San Francisco, CA, US","2026-07-16","","direct_data","yearly",274400.0,343000.0,"USD",True,"","","","","","https://www.indeed.com/cmp/Digitalocean","https://www.digitalocean.com/","105 Edgeview Drive, Suite 425, Broomfield, CO, United States, 80021","1,001 to 5,000","$1B to $5B (USD)","","","","","","","indeed","San Francisco, CA","junior software engineer"
"in-30fb93e0c3d64db4","indeed","https://www.indeed.com/viewjob?jk=30fb93e0c3d64db4","https://careers.cisco.com/global/en/job/2019201","Staff Software Engineer","Cisco","Seattle, WA, US","2026-07-15","fulltime","direct_data","yearly",166300.0,307800.0,"USD",True,"","","","","","https://www.indeed.com/cmp/Cisco","http://www.cisco.com","San Jose, CA","10,000+","more than $10B (USD)","","","","","","","indeed","Seattle, WA","junior software engineer"
"in-837022ea7ecd19ca","indeed","https://www.indeed.com/viewjob?jk=837022ea7ecd19ca","https://homedepot.contacthr.com/152743776","Staff Software Engineer - Mobile Applications (Remote)","The Home Depot","Austin, TX, US","2026-07-15","","direct_data","yearly",90000.0,180000.0,"USD",True,"","","","","","https://www.indeed.com/cmp/The-Home-Depot","http://www.careers.homedepot.com","Atlanta, GA","10,000+","more than $10B (USD)","","","","","","","indeed","Austin, TX","junior software engineer"
"in-d055095a85ce255e","indeed","https://www.indeed.com/viewjob?jk=d055095a85ce255e","https://zendesk.wd1.myworkdayjobs.com/en-US/zendesk/job/Austin-Texas-United-States-of-America/Senior-Counsel_R35184-1","Senior Counsel, Product (AI)","Zendesk","Austin, TX, US","2026-07-15","fulltime","direct_data","yearly",216000.0,324000.0,"USD",True,"","","","peopleandplaces@zendesk.com","","https://www.indeed.com/cmp/Zendesk","http://www.zendesk.com","San Francisco, CA","5,001 to 10,000","$1B to $5B (USD)","","","","","","","indeed","Austin, TX","junior software engineer"
"in-5760ca9d3169d59a","indeed","https://www.indeed.com/viewjob?jk=5760ca9d3169d59a","https://click.appcast.io/t/PY1VHgzZQJoKpGp6TokfbZZj9XK3JOTxPG1fuFhlRwg=","Staff Software Engineer (Agentic AI & Cloud Solutions)","CVS Health","Boston, MA, US","2026-07-14","fulltime","direct_data","yearly",106605.0,260590.0,"USD",True,"","","","","","https://www.indeed.com/cmp/CVS-Health","https://jobs.cvshealth.com","Woonsocket, RI","10,000+","more than $10B (USD)","","","","","","","indeed","Boston, MA","junior software engineer"
"in-a54d7f437d8c5b0f","indeed","https://www.indeed.com/viewjob?jk=a54d7f437d8c5b0f","https://grnh.se/sgc0j1k23us","Technical Product Associate, Lifecycle","Sleep Doctor","Seattle, WA, US","2026-07-14","contract","direct_data","hourly",45.0,55.0,"USD",True,"","","","","","https://www.indeed.com/cmp/Sleep-Doctor","","","","","","","","","","","indeed","Seattle, WA","software engineer internship"
"in-e8bd44b8c2018125","indeed","https://www.indeed.com/viewjob?jk=e8bd44b8c2018125","https://grnh.se/vzswjpj61us","Associate Solution Engineer - Mixed Industries - Commercial (West)","Talkdesk","San Francisco, CA, US","2026-07-13","","","","","","",True,"","","","Talent@talkdesk.com","","https://www.indeed.com/cmp/Talkdesk","http://www.talkdesk.com","San Francisco, CA","1,001 to 5,000","Decline to state","","","","","","","indeed","San Francisco, CA","software engineer internship"
"in-a4c1b7955b07ed2d","indeed","https://www.indeed.com/viewjob?jk=a4c1b7955b07ed2d","https://grnh.se/8fkjvhrh5us","Senior Software Engineer","Re:Build Manufacturing","Seattle, WA, US","2026-07-13","","direct_data","yearly",143000.0,214000.0,"USD",True,"","","","accommodations.ta@ReBuildmanufacturing.com","","https://www.indeed.com/cmp/Re-Build-Manufacturing","https://www.rebuildmanufacturing.com","Framingham, MA","1,001 to 5,000","","","","","","","","indeed","Seattle, WA","junior software engineer"
"li-4438398570","linkedin","https://www.linkedin.com/jobs/view/4438398570","","Cocos2d-x Junior Game Developer - Remote","YO IT Consulting","Seattle, WA","2026-07-11","","","","","","",True,"","","","","","https://ae.linkedin.com/company/yohritconsulting","","","","","","","","","","","linkedin","Seattle, WA","junior software engineer"
"li-4438399463","linkedin","https://www.linkedin.com/jobs/view/4438399463","","Cocos2d-x Junior Game Developer - Remote","YO IT Consulting","Boston, MA","2026-07-11","","","","","","",True,"","","","","","https://ae.linkedin.com/company/yohritconsulting","","","","","","","","","","","linkedin","Boston, MA","junior software engineer"
"in-4223c44c321ec09b","indeed","https://www.indeed.com/viewjob?jk=4223c44c321ec09b","https://grnh.se/d3qvpa904us","Senior DevOps Engineer – Infra Services","Five9","San Ramon, CA, US","2026-07-10","","direct_data","yearly",90700.0,252200.0,"USD",True,"","","","","","https://www.indeed.com/cmp/Five9","http://www.five9.com","San Ramon, CA","1,001 to 5,000","$100M to $500M (USD)","","","","","","","indeed","San Francisco, CA","junior software engineer"
"in-2a2086eb7f335ed1","indeed","https://www.indeed.com/viewjob?jk=2a2086eb7f335ed1","https://grnh.se/8aracuol9us","Mechanical Engineer - Mission Critical Data Centers Specialized","Woolpert","New York, NY, US","2026-07-10","","direct_data","yearly",87100.0,108900.0,"USD",True,"","","","askhr@woolpert.com, recruiting@woolpert.com","","https://www.indeed.com/cmp/Woolpert","http://woolpert.com","","Decline to state","Decline to state","","","","","","","indeed","New York, NY","junior software engineer"
"in-3db799ac8edfc8df","indeed","https://www.indeed.com/viewjob?jk=3db799ac8edfc8df","https://grnh.se/2yonx7q74us","Senior OpenStack DevOps Engineer","Five9","San Ramon, CA, US","2026-07-10","","direct_data","yearly",90700.0,252200.0,"USD",True,"","","","","","https://www.indeed.com/cmp/Five9","http://www.five9.com","San Ramon, CA","1,001 to 5,000","$100M to $500M (USD)","","","","","","","indeed","San Francisco, CA","junior software engineer"
"in-da94bb7701a714c5","indeed","https://www.indeed.com/viewjob?jk=da94bb7701a714c5","https://grnh.se/90t8u7la4us","Senior DevOps Engineer - Storage Platforms","Five9","San Ramon, CA, US","2026-07-10","","direct_data","yearly",90700.0,252200.0,"USD",True,"","","","","","https://www.indeed.com/cmp/Five9","http://www.five9.com","San Ramon, CA","1,001 to 5,000","$100M to $500M (USD)","","","","","","","indeed","San Francisco, CA","junior software engineer"
"in-9cfb9d68f5287297","indeed","https://www.indeed.com/viewjob?jk=9cfb9d68f5287297","https://grnh.se/1qv0p3ox3us","Jr. SCADA Engineer","ACT Power Services","Remote, US","2026-07-10","","","","","","",True,"","","","","","https://www.indeed.com/cmp/Act-Power-Services","https://www.actpowerservices.com/","2801 Slater Rd Suite 125 Morrisville, NC 27560","51 to 200","","","","","","","","indeed","Remote","software engineer internship"
"in-23c5f3e8a52db03f","indeed","https://www.indeed.com/viewjob?jk=23c5f3e8a52db03f","https://grnh.se/f9ixid8u4us","Network Engineer II","Five9","San Ramon, CA, US","2026-07-10","","direct_data","yearly",82600.0,230800.0,"USD",True,"","","","","","https://www.indeed.com/cmp/Five9","http://www.five9.com","San Ramon, CA","1,001 to 5,000","$100M to $500M (USD)","","","","","","","indeed","San Francisco, CA","junior software engineer"
"in-938645933b86d140","indeed","https://www.indeed.com/viewjob?jk=938645933b86d140","https://search.jobs.barclays/job/whippany/sr-etl-developer-avp/13015/97535824704","Sr ETL Developer, AVP","Barclays","Whippany, NJ, US","2026-07-08","","direct_data","yearly",189592.0,195000.0,"USD",True,"","","","","Banks And Financial Services","https://www.indeed.com/cmp/Barclays","https://home.barclays/","1 Churchill Place
London E14 5HP","10,000+","more than $10B (USD)","","","","","","","indeed","New York, NY","junior software engineer"
"in-d30260f45f17ccbd","indeed","https://www.indeed.com/viewjob?jk=d30260f45f17ccbd","https://careers-americas.icims.com/jobs/25394/job?utm_source=indeed_integration&iis=Job%20Board&iisn=Indeed&indeed-apply-token=73a2d2b2a8d6d5c0a62696875eaebd669103652d3f0c2cd5445d3e66b1592b0f","Principal Machine Learning Engineer","Atlassian","Mountain View, CA, US","2026-07-08","","direct_data","yearly",174051.0,273775.0,"USD",True,"","","","","","https://www.indeed.com/cmp/Atlassian","https://www.atlassian.com","Sydney","10,000+","Decline to state","","","","","","","indeed","San Francisco, CA","junior software engineer"
"in-6f319c6e61b58cac","indeed","https://www.indeed.com/viewjob?jk=6f319c6e61b58cac","http://www.gsr-inc.com/careerportal/#/jobs/1978?source=Indeed","Full Stack Engineer","Global Software Resources","Oakland, CA, US","2026-07-08","contract","","","","","",True,"","","","","","https://www.indeed.com/cmp/Global-Software-Resources","","","","","","","","","","","indeed","San Francisco, CA","junior software engineer"
"in-88e29879d8018a5d","indeed","https://www.indeed.com/viewjob?jk=88e29879d8018a5d","http://www.indeed.com/job/founding-software-engineer-internships-possible-not-required-88e29879d8018a5d","Founding Software Engineer -Internships Possible not required","","Remote, US","2026-07-08","internship","","","","","",True,"","","","David@aerolot.ai","","https://www.indeed.comNone","","","","","","","","","","","indeed","Remote","backend engineer internship"
"in-11f015bc180181cd","indeed","https://www.indeed.com/viewjob?jk=11f015bc180181cd","https://grnh.se/7daafed84us","Senior Software Engineer","Boosted.ai","San Francisco, CA, US","2026-07-07","fulltime","","","","","",True,"","","","","","https://www.indeed.com/cmp/Boosted.ai","","","","","","","","","","","indeed","San Francisco, CA","junior software engineer"
"in-c387022c77d6e500","indeed","https://www.indeed.com/viewjob?jk=c387022c77d6e500","https://jobs.dayforcehcm.com/en-US/acv/CANDIDATEPORTAL/jobs/36576","Embedded Systems Engineer IV, R&D","ACV Auctions","Austin, TX, US","2026-07-06","fulltime","direct_data","yearly",139000.0,174000.0,"USD",True,"","","","","","https://www.indeed.com/cmp/Acv-Auctions","https://www.acvauctions.com/","","1,001 to 5,000","Decline to state","","","","","","","indeed","Austin, TX","junior software engineer"
"in-9e2f8a11d37581e1","indeed","https://www.indeed.com/viewjob?jk=9e2f8a11d37581e1","https://jobs.ashbyhq.com/rogerhealthcare/6590cfa6-30ef-47f2-aacf-a262fcfde392?utm_source=jeyDXGXwg6","Senior Software Engineer, Full-Stack","","San Francisco, CA, US","2026-07-06","fulltime","direct_data","yearly",170000.0,230000.0,"USD",True,"","","","","","","","","","","","","","","","","indeed","San Francisco, CA","junior software engineer"
"in-d586e6a3f14fe6a9","indeed","https://www.indeed.com/viewjob?jk=d586e6a3f14fe6a9","https://grnh.se/zxc4h9v77us","Junior Solutions Engineer","Banyan Software","New York, NY, US","2026-07-02","","direct_data","yearly",65000.0,800000.0,"USD",True,"","","","careers@banyansoftware.com","","https://www.indeed.com/cmp/Banyan-Software","https://www.banyansoftware.com","Boston","11 to 50","","","","","","","","indeed","New York, NY","junior software engineer"
"in-bec4dad52ef4beda","indeed","https://www.indeed.com/viewjob?jk=bec4dad52ef4beda","https://app.joinhandshake.com/public/jobs/11178706?source=Indeed","Software Engineer (LATAM)","Handshake","Remote, US","2026-07-02","parttime","","","","","",True,"","","","","","https://www.indeed.com/cmp/Handshake-7","","","Decline to state","Decline to state","","","","","","","indeed","Remote","backend engineer internship"
"in-f7168ede97a65d78","indeed","https://www.indeed.com/viewjob?jk=f7168ede97a65d78","https://jobs.smartrecruiters.com/Versant3/744000135583106-sr-platform-ops-engineer","Sr. Platform Ops Engineer","Versant","Englewood Cliffs, NJ, US","2026-07-02","fulltime","","","","","",True,"","","","candidateaccessibility@versantmedia.com","","https://www.indeed.com/cmp/Versant-4","https://VersantMedia.com","New York, NY","1,001 to 5,000","","","","","","","","indeed","New York, NY","junior software engineer"
"in-b2cac972df623da2","indeed","https://www.indeed.com/viewjob?jk=b2cac972df623da2","https://www.aktion.com/company/careers/?gnk=job&gni=8a7887ac9efb876c019f23310b2b456a&gns=Indeed+Free","Consulting Development Program Analyst","Aktion Associates, Inc","Remote, US","2026-07-02","","","","","","",True,"","","","hr@aktion.com","","https://www.indeed.com/cmp/Aktion-Associates,-Inc","","","","","","","","","","","indeed","Remote","software engineer internship"
"in-53365d0170096079","indeed","https://www.indeed.com/viewjob?jk=53365d0170096079","https://jobs.ashbyhq.com/real/b0480e17-98f6-49e5-9fa2-565d30a11347?utm_source=KLl62B2nlo","Senior Backend Engineer - Java","REAL Broker, LLC","Newark, CA, US","2026-07-02","fulltime","direct_data","yearly",152000.0,194000.0,"USD",True,"","","","","","https://www.indeed.com/cmp/Real-Broker,-LLC","https://www.joinreal.com","New York","501 to 1,000","","","","","","","","indeed","San Francisco, CA","junior software engineer"
"in-0fd6ac6605330e2d","indeed","https://www.indeed.com/viewjob?jk=0fd6ac6605330e2d","https://apply.appone.com:443/job/6a46a5a56a5d8bd77fe7b363?utm_source=INDEED","Junior Fullstack + AI Developer","cav","Remote, US","2026-07-02","fulltime","","","","","",True,"","","","","","https://www.indeed.com/cmp/Cav","","","","","","","","","","","indeed","Remote","backend engineer internship"
"in-839f6cb408a9ad70","indeed","https://www.indeed.com/viewjob?jk=839f6cb408a9ad70","https://www.curibio.com/careers#SSE","Senior Software Engineer","Curi Bio","Seattle, WA, US","2026-07-02","fulltime","direct_data","yearly",129000.0,171000.0,"USD",True,"","","","jason.person@curibio.com","","https://www.indeed.com/cmp/Curi-Bio-1","","","","","","","","","","","indeed","Seattle, WA","junior software engineer"
"in-34d953ab98bb6748","indeed","https://www.indeed.com/viewjob?jk=34d953ab98bb6748","https://kreative-technologies-llc.breezy.hr/p/f8a81124f388-junior-application-developer?source=indeed","Junior Application Developer","Kreative Technologies","Remote, US","2026-07-01","fulltime","direct_data","yearly",45000.0,55000.0,"USD",True,"","","","","","https://www.indeed.com/cmp/Kreative-Technologies","","","","","","","","","","","indeed","Remote","software engineer internship"
"in-e2992a118db6d07d","indeed","https://www.indeed.com/viewjob?jk=e2992a118db6d07d","https://careers-americas.icims.com/jobs/25737/job?utm_source=indeed_integration&iis=Job%20Board&iisn=Indeed&indeed-apply-token=73a2d2b2a8d6d5c0a62696875eaebd669103652d3f0c2cd5445d3e66b1592b0f","Senior Machine Learning System Engineer","Atlassian","Seattle, WA, US","2026-07-01","","direct_data","yearly",149400.0,235000.0,"USD",True,"","","","","","https://www.indeed.com/cmp/Atlassian","https://www.atlassian.com","Sydney","10,000+","Decline to state","","","","","","","indeed","Seattle, WA","junior software engineer"
"in-05ce4ed73cbb520d","indeed","https://www.indeed.com/viewjob?jk=05ce4ed73cbb520d","https://solvenergy.wd1.myworkdayjobs.com/SOLV_External_Career/job/Remote---CA/Substation-Engineer-2--Remote-_J12917","Substation Engineer 2 (Remote)","SOLV Energy","Olympia, WA, US","2026-07-01","fulltime","direct_data","yearly",89527.0,111909.0,"USD",True,"","","","","","https://www.indeed.com/cmp/Solv-Energy-1","https://www.solvenergy.com/","San Diego, CA","1,001 to 5,000","Decline to state","","","","","","","indeed","Seattle, WA","junior software engineer"
"in-8788f37cc02bd6f7","indeed","https://www.indeed.com/viewjob?jk=8788f37cc02bd6f7","https://solvenergy.wd1.myworkdayjobs.com/SOLV_External_Career/job/Remote---CA/Substation-Engineer-2--Remote-_J12917","Substation Engineer 2 (Remote)","SOLV Energy","Providence, RI, US","2026-07-01","fulltime","direct_data","yearly",89527.0,111909.0,"USD",True,"","","","","","https://www.indeed.com/cmp/Solv-Energy-1","https://www.solvenergy.com/","San Diego, CA","1,001 to 5,000","Decline to state","","","","","","","indeed","Boston, MA","junior software engineer"
"in-3779e0c38e4a9489","indeed","https://www.indeed.com/viewjob?jk=3779e0c38e4a9489","https://solvenergy.wd1.myworkdayjobs.com/SOLV_External_Career/job/Remote---CA/Substation-Engineer-2--Remote-_J12917","Substation Engineer 2 (Remote)","SOLV Energy","Boston, MA, US","2026-07-01","fulltime","direct_data","yearly",89527.0,111909.0,"USD",True,"","","","","","https://www.indeed.com/cmp/Solv-Energy-1","https://www.solvenergy.com/","San Diego, CA","1,001 to 5,000","Decline to state","","","","","","","indeed","Boston, MA","junior software engineer"
"in-63311e0b008eb43a","indeed","https://www.indeed.com/viewjob?jk=63311e0b008eb43a","https://solvenergy.wd1.myworkdayjobs.com/SOLV_External_Career/job/Remote---CA/Substation-Engineer-2--Remote-_J12917","Substation Engineer 2 (Remote)","SOLV Energy","Austin, TX, US","2026-07-01","fulltime","direct_data","yearly",89527.0,111909.0,"USD",True,"","","","","","https://www.indeed.com/cmp/Solv-Energy-1","https://www.solvenergy.com/","San Diego, CA","1,001 to 5,000","Decline to state","","","","","","","indeed","Austin, TX","junior software engineer"
"in-33d150b7d1d49378","indeed","https://www.indeed.com/viewjob?jk=33d150b7d1d49378","https://grnh.se/0dz6lcwk1us","Manager, Customer Success Engineering","DigitalOcean","New York, NY, US","2026-06-30","","direct_data","yearly",125000.0,153000.0,"USD",True,"","","","","","https://www.indeed.com/cmp/Digitalocean","https://www.digitalocean.com/","105 Edgeview Drive, Suite 425, Broomfield, CO, United States, 80021","1,001 to 5,000","$1B to $5B (USD)","","","","","","","indeed","New York, NY","junior software engineer"
"in-40aa9fb7c8677264","indeed","https://www.indeed.com/viewjob?jk=40aa9fb7c8677264","https://jobs.smartrecruiters.com/RenesasElectronics/744000135011688-staff-engineer-test","Staff Engineer, Test","Renesas","San Jose, CA, US","2026-06-30","fulltime","direct_data","yearly",140000.0,175000.0,"USD",True,"","","","","Industrial Manufacturing","https://www.indeed.com/cmp/Renesas","https://www.renesas.com/us/en","Tokyo, JA","","$5B to $10B (USD)","","","","","","","indeed","San Francisco, CA","junior software engineer"
"in-b656f766f6ef2419","indeed","https://www.indeed.com/viewjob?jk=b656f766f6ef2419","https://grnh.se/4in8bknc9us","Principal Mechanical Engineer","MEADE ENGINEERING","Austin, TX, US","2026-06-30","","direct_data","yearly",150000.0,211000.0,"USD",True,"","","","recruiting@meadeengineering.com","","https://www.indeed.com/cmp/Meade-Engineering","https://meadeengineering.com/","80 E Rio Salado Pkwy.
Suite 500
Tempe, AZ 85281","51 to 200","$25M to $100M (USD)","","","","","","","indeed","Austin, TX","junior software engineer"
"in-8a9b04ee6e058585","indeed","https://www.indeed.com/viewjob?jk=8a9b04ee6e058585","https://careers.roberthalf.com/global/en/job/ROHAGLOBALJR260757EXTERNALENGLOBAL/Software-Engineer-III-ATI?utm_source=indeed&utm_medium=phenom-feeds","Software Engineer III - ATI","Robert Half","San Ramon, CA, US","2026-06-29","fulltime","direct_data","yearly",104000.0,153000.0,"USD",True,"","","","HRSolutions@roberthalf.com","","https://www.indeed.com/cmp/Robert-Half","https://www.roberthalf.com/","Menlo Park, CA","10,000+","$5B to $10B (USD)","","","","","","","indeed","San Francisco, CA","junior software engineer"
"in-2c9f5a7b57bd8967","indeed","https://www.indeed.com/viewjob?jk=2c9f5a7b57bd8967","https://careers-milbank.icims.com/jobs/1641/job?utm_source=indeed_integration&iis=Job%20Board&iisn=Indeed&indeed-apply-token=73a2d2b2a8d6d5c0a62696875eaebd669103652d3f0c2cd5445d3e66b1592b0f","Senior AI/.NET Engineer","MILBANK LLP","New York, NY, US","2026-06-29","fulltime","direct_data","yearly",140000.0,175000.0,"USD",True,"","","","","","https://www.indeed.com/cmp/Milbank-LLP","","","","","","","","","","","indeed","New York, NY","junior software engineer"
"li-4432954293","linkedin","https://www.linkedin.com/jobs/view/4432954293","","Remote Junior Backend Developer @ the99edge Company","Bankable Wisdom","","2026-06-26","","","","","","",True,"","","","","","https://ng.linkedin.com/company/bankablewisdom","","","","","","","","","","","linkedin","Remote","junior software engineer"
"in-d6c356bd682ddb52","indeed","https://www.indeed.com/viewjob?jk=d6c356bd682ddb52","https://careers-ebscoind.icims.com/jobs/2035/job?utm_source=indeed_integration&iis=Job%20Board&iisn=Indeed&indeed-apply-token=73a2d2b2a8d6d5c0a62696875eaebd669103652d3f0c2cd5445d3e66b1592b0f","Sr Cloud Platform Engineer","EBSCO Information Services","Ipswich, MA, US","2026-06-26","fulltime","direct_data","yearly",124285.0,177550.0,"USD",True,"","","","","","https://www.indeed.com/cmp/Ebsco-Information-Services","https://www.ebsco.com","Ipswich, MA","1,001 to 5,000","$1B to $5B (USD)","","","","","","","indeed","Boston, MA","junior software engineer"
"in-d9a4502184b55b4a","indeed","https://www.indeed.com/viewjob?jk=d9a4502184b55b4a","https://grnh.se/ys5b6rkt1us","Senior Software Engineer I - Finance Systems (Remote Eligible)","Smartsheet","Bellevue, WA, US","2026-06-26","","direct_data","yearly",145000.0,200000.0,"USD",True,"","","","","","https://www.indeed.com/cmp/Smartsheet","http://www.smartsheet.com","Bellevue, WA","1,001 to 5,000","$100M to $500M (USD)","","","","","","","indeed","Seattle, WA","junior software engineer"
"in-83226c40283b994f","indeed","https://www.indeed.com/viewjob?jk=83226c40283b994f","https://generalmotors.wd5.myworkdayjobs.com/en-US/Careers_GM/job/Sunnyvale-California-United-States-of-America/Staff-ML-Infrastructure-Engineer_JR-202605220","Staff ML Infrastructure Engineer - Embodied AI Scaling Foundations","General Motors (GM)","Sunnyvale, CA, US","2026-06-26","fulltime","direct_data","yearly",189300.0,290700.0,"USD",True,"","","","","","https://www.indeed.com/cmp/General-Motors-(gm)-1","http://www.gm.com","Detroit, MI","10,000+","more than $10B (USD)","","","","","","","indeed","San Francisco, CA","junior software engineer"
"in-79a0e226d9c1975c","indeed","https://www.indeed.com/viewjob?jk=79a0e226d9c1975c","https://jobs.gusto.com/postings/tarpon-health-inc-software-engineer-ee525ddf-901f-47a6-8904-efc82cbd20e8","Software Engineer","","Remote, US","2026-06-26","fulltime","direct_data","yearly",85000.0,145000.0,"USD",True,"","","","","","","","","","","","","","","","","indeed","Remote","software engineer internship"
"in-d92876f2030c9d15","indeed","https://www.indeed.com/viewjob?jk=d92876f2030c9d15","https://grnh.se/3hmrn3uy1us","Senior Security Analyst I","DigitalOcean","Boston, MA, US","2026-06-25","","direct_data","yearly",140800.0,176000.0,"USD",True,"","","","","","https://www.indeed.com/cmp/Digitalocean","https://www.digitalocean.com/","105 Edgeview Drive, Suite 425, Broomfield, CO, United States, 80021","1,001 to 5,000","$1B to $5B (USD)","","","","","","","indeed","Boston, MA","junior software engineer"
"in-717e284f0e4f8b2c","indeed","https://www.indeed.com/viewjob?jk=717e284f0e4f8b2c","https://grnh.se/8me8a8t71us","Revenue Enablement Manager","DigitalOcean","Seattle, WA, US","2026-06-25","","direct_data","yearly",160000.0,195000.0,"USD",True,"","","","","","https://www.indeed.com/cmp/Digitalocean","https://www.digitalocean.com/","105 Edgeview Drive, Suite 425, Broomfield, CO, United States, 80021","1,001 to 5,000","$1B to $5B (USD)","","","","","","","indeed","Seattle, WA","junior software engineer"
"in-3e541445b555c8b2","indeed","https://www.indeed.com/viewjob?jk=3e541445b555c8b2","https://ltimindtree.ripplehire.com/candidate/?token=srlRxygOKzNT92lgiJBy&lang=en&source=INDEED&ref=INDEED#detail/job/865155","Specialist - Software Engineering","LTM Limited","Jersey City, NJ, US","2026-06-25","","direct_data","yearly",120000.0,130000.0,"USD",True,"","","","","Computers And Electronics","https://www.indeed.com/cmp/Ltm-Limited","https://www.ltimindtree.com/","L&T Technology Tower 1 , Gate No. 5, Saki Vihar Road, Powai, Mumbai, India, Maharashtra","10,000+","$1B to $5B (USD)","","","","","","","indeed","New York, NY","backend developer internship"
"in-6928d00df622bb78","indeed","https://www.indeed.com/viewjob?jk=6928d00df622bb78","https://ltimindtree.ripplehire.com/candidate/?token=DRchXhvMIUJuyP9cpqjr&lang=en&source=INDEED&ref=INDEED#detail/job/865157","Java Fullstack Developer (Remote)","LTM Limited","Jersey City, NJ, US","2026-06-25","","direct_data","yearly",120000.0,130000.0,"USD",True,"","","","","Computers And Electronics","https://www.indeed.com/cmp/Ltm-Limited","https://www.ltimindtree.com/","L&T Technology Tower 1 , Gate No. 5, Saki Vihar Road, Powai, Mumbai, India, Maharashtra","10,000+","$1B to $5B (USD)","","","","","","","indeed","New York, NY","backend developer internship"
"in-c238886032ca16d8","indeed","https://www.indeed.com/viewjob?jk=c238886032ca16d8","https://solvenergy.wd1.myworkdayjobs.com/SOLV_External_Career/job/Bend-OR/Senior-SCADA-Engineer--EPC--Remote-_J13355","Senior SCADA Engineer, EPC (Remote)","SOLV Energy","Boston, MA, US","2026-06-24","fulltime","direct_data","yearly",125114.0,166402.0,"USD",True,"","","","","","https://www.indeed.com/cmp/Solv-Energy-1","https://www.solvenergy.com/","San Diego, CA","1,001 to 5,000","Decline to state","","","","","","","indeed","Boston, MA","junior software engineer"
"in-1af18f69a0c6466e","indeed","https://www.indeed.com/viewjob?jk=1af18f69a0c6466e","https://solvenergy.wd1.myworkdayjobs.com/SOLV_External_Career/job/Bend-OR/Senior-SCADA-Engineer--EPC--Remote-_J13355","Senior SCADA Engineer, EPC (Remote)","SOLV Energy","Olympia, WA, US","2026-06-24","fulltime","direct_data","yearly",125114.0,166402.0,"USD",True,"","","","","","https://www.indeed.com/cmp/Solv-Energy-1","https://www.solvenergy.com/","San Diego, CA","1,001 to 5,000","Decline to state","","","","","","","indeed","Seattle, WA","junior software engineer"
"in-38bc3e7f2df5a840","indeed","https://www.indeed.com/viewjob?jk=38bc3e7f2df5a840","https://grnh.se/vv0l3ixz1us","Staff Network Security Engineer","DigitalOcean","Boston, MA, US","2026-06-24","","direct_data","yearly",168800.0,211000.0,"USD",True,"","","","","","https://www.indeed.com/cmp/Digitalocean","https://www.digitalocean.com/","105 Edgeview Drive, Suite 425, Broomfield, CO, United States, 80021","1,001 to 5,000","$1B to $5B (USD)","","","","","","","indeed","Boston, MA","junior software engineer"
"in-f1a792ab686a53a3","indeed","https://www.indeed.com/viewjob?jk=f1a792ab686a53a3","https://grnh.se/mpm0v0by1us","Staff Product Security Engineer, Secure Design (Kernel and Virtualization)","DigitalOcean","Boston, MA, US","2026-06-24","","direct_data","yearly",180000.0,215000.0,"USD",True,"","","","","","https://www.indeed.com/cmp/Digitalocean","https://www.digitalocean.com/","105 Edgeview Drive, Suite 425, Broomfield, CO, United States, 80021","1,001 to 5,000","$1B to $5B (USD)","","","","","","","indeed","Boston, MA","junior software engineer"
"in-10722c860063b7d7","indeed","https://www.indeed.com/viewjob?jk=10722c860063b7d7","https://jobs.lever.co/ans/62094c44-bf34-4e5a-b414-bd635220b1f8?lever-source=Indeed","Senior Engineer - Civil","ANS","Austin, TX, US","2026-06-24","fulltime","direct_data","yearly",130500.0,159800.0,"USD",True,"","","","","","https://www.indeed.com/cmp/Ans","","東京都品川区上大崎２－２４－９","","$1M to $5M (USD)","","","","","","","indeed","Austin, TX","junior software engineer"
"in-2160b1bf4e5ebb2b","indeed","https://www.indeed.com/viewjob?jk=2160b1bf4e5ebb2b","https://solvenergy.wd1.myworkdayjobs.com/SOLV_External_Career/job/Bend-OR/Senior-SCADA-Engineer--EPC--Remote-_J13355","Senior SCADA Engineer, EPC (Remote)","SOLV Energy","Providence, RI, US","2026-06-24","fulltime","direct_data","yearly",125114.0,166402.0,"USD",True,"","","","","","https://www.indeed.com/cmp/Solv-Energy-1","https://www.solvenergy.com/","San Diego, CA","1,001 to 5,000","Decline to state","","","","","","","indeed","Boston, MA","junior software engineer"
"in-083c9a702b312e9c","indeed","https://www.indeed.com/viewjob?jk=083c9a702b312e9c","https://app.jobvite.com/CompanyJobs/Job.aspx?j=obylAfwo&s=Indeed","Principal Software Engineer, Security Solutions","ARTERIS","Campbell, CA, US","2026-06-24","","direct_data","yearly",195000.0,210000.0,"USD",True,"","","","","","https://www.indeed.com/cmp/Arteris","https://www.arteris.com","Campbell","11 to 50","$1M to $5M (USD)","","","","","","","indeed","San Francisco, CA","junior software engineer"
"in-9ecb43d9d51b51d5","indeed","https://www.indeed.com/viewjob?jk=9ecb43d9d51b51d5","https://solvenergy.wd1.myworkdayjobs.com/SOLV_External_Career/job/Bend-OR/Senior-SCADA-Engineer--EPC--Remote-_J13355","Senior SCADA Engineer, EPC (Remote)","SOLV Energy","Austin, TX, US","2026-06-24","fulltime","direct_data","yearly",125114.0,166402.0,"USD",True,"","","","","","https://www.indeed.com/cmp/Solv-Energy-1","https://www.solvenergy.com/","San Diego, CA","1,001 to 5,000","Decline to state","","","","","","","indeed","Austin, TX","junior software engineer"
"in-0214e5651b39a99a","indeed","https://www.indeed.com/viewjob?jk=0214e5651b39a99a","https://jobs.lever.co/ans/62094c44-bf34-4e5a-b414-bd635220b1f8?lever-source=Indeed","Senior Engineer - Civil","ANS","South Plainfield, NJ, US","2026-06-24","fulltime","direct_data","yearly",130500.0,159800.0,"USD",True,"","","","","","https://www.indeed.com/cmp/Ans","","東京都品川区上大崎２－２４－９","","$1M to $5M (USD)","","","","","","","indeed","New York, NY","junior software engineer"
"li-4432406661","linkedin","https://www.linkedin.com/jobs/view/4432406661","","Remote Tech Internship at Skibble","Bankable Wisdom","","2026-06-23","","","","","","",True,"","","","","","https://ng.linkedin.com/company/bankablewisdom","","","","","","","","","","","linkedin","Remote","software developer internship"
"li-4431246726","linkedin","https://www.linkedin.com/jobs/view/4431246726","","Backend Developer Internship (Remote)","Springer Capital","Chicago, IL","2026-06-23","","","","","","",True,"","","","","","https://www.linkedin.com/company/springer-capital","","","","","","","","","","","linkedin","Remote","software developer internship"
"in-4070ecad653932e2","indeed","https://www.indeed.com/viewjob?jk=4070ecad653932e2","https://grnh.se/7yhcxu0y1us","Revenue Enablement Manager","DigitalOcean","Austin, TX, US","2026-06-23","","direct_data","yearly",160000.0,195000.0,"USD",True,"","","","","","https://www.indeed.com/cmp/Digitalocean","https://www.digitalocean.com/","105 Edgeview Drive, Suite 425, Broomfield, CO, United States, 80021","1,001 to 5,000","$1B to $5B (USD)","","","","","","","indeed","Austin, TX","junior software engineer"
"in-b054ba6aef966e7b","indeed","https://www.indeed.com/viewjob?jk=b054ba6aef966e7b","https://grnh.se/8xlvhqr61us","Revenue Enablement Manager","DigitalOcean","San Francisco, CA, US","2026-06-23","","direct_data","yearly",160000.0,195000.0,"USD",True,"","","","","","https://www.indeed.com/cmp/Digitalocean","https://www.digitalocean.com/","105 Edgeview Drive, Suite 425, Broomfield, CO, United States, 80021","1,001 to 5,000","$1B to $5B (USD)","","","","","","","indeed","San Francisco, CA","junior software engineer"
"in-bcd9655c0fdc01a3","indeed","https://www.indeed.com/viewjob?jk=bcd9655c0fdc01a3","https://grnh.se/7qsmvi201us","Revenue Enablement Manager","DigitalOcean","Boston, MA, US","2026-06-23","","direct_data","yearly",160000.0,195000.0,"USD",True,"","","","","","https://www.indeed.com/cmp/Digitalocean","https://www.digitalocean.com/","105 Edgeview Drive, Suite 425, Broomfield, CO, United States, 80021","1,001 to 5,000","$1B to $5B (USD)","","","","","","","indeed","Boston, MA","junior software engineer"
"in-b55e27407a149eb5","indeed","https://www.indeed.com/viewjob?jk=b55e27407a149eb5","https://grnh.se/0ptltnnl4us","Sr Manager Engineering - DevOps","Reltio","Austin, TX, US","2026-06-22","","","","","","",True,"","","","","","https://www.indeed.com/cmp/Reltio","http://www.reltio.com","Redwood City","51 to 200","$1M to $5M (USD)","","","","","","","indeed","Austin, TX","junior software engineer"
"li-4430351743","linkedin","https://www.linkedin.com/jobs/view/4430351743","","Staff Software Engineer, Search Platform (Remote)","Murphy's Deli 811 Main","Boston, MA","2026-06-22","","","","","","",True,"","","","","","https://www.linkedin.com/company/murphy-s-deli-811-main","","","","","","","","","","","linkedin","Boston, MA","software developer internship"
"in-8f0dbe42577e0a05","indeed","https://www.indeed.com/viewjob?jk=8f0dbe42577e0a05","https://jobs.ashbyhq.com/stninc/8ff8a696-fb58-46f6-9601-131540a29a69?utm_source=RZZaWQLqQK","Site Reliability Engineer","STN Inc","San Francisco Bay Area, CA, US","2026-06-22","fulltime","","","","","",True,"","","","","","https://www.indeed.com/cmp/Stn-Inc","","","","","","","","","","","indeed","San Francisco, CA","junior software engineer"
"in-c55a038c91e49ddc","indeed","https://www.indeed.com/viewjob?jk=c55a038c91e49ddc","https://ltimindtree.ripplehire.com/candidate/?token=6fXpL0NDdAHEul4PKr40&lang=en&source=INDEED&ref=INDEED#detail/job/873035","Senior Java Fullstack AI Engineer","LTM Limited","New York, NY, US","2026-06-18","","direct_data","yearly",150000.0,160000.0,"USD",True,"","","","","Computers And Electronics","https://www.indeed.com/cmp/Ltm-Limited","https://www.ltimindtree.com/","L&T Technology Tower 1 , Gate No. 5, Saki Vihar Road, Powai, Mumbai, India, Maharashtra","10,000+","$1B to $5B (USD)","","","","","","","indeed","New York, NY","software engineer internship"
"in-82444c16429fabac","indeed","https://www.indeed.com/viewjob?jk=82444c16429fabac","https://grnh.se/4yn7wwlq9us","AI/ML Research Engineer, LLM Post-Training & Evaluation","Innodata","Ridgefield Park, NJ, US","2026-06-18","","direct_data","yearly",80000.0,175000.0,"USD",True,"","","","verifyjoboffer@innodata.com","Internet And Software","https://www.indeed.com/cmp/Innodata","http://www.innodata.com","Hackensack New Jersey, United States","501 to 1,000","$25M to $100M (USD)","","","","","","","indeed","New York, NY","junior software engineer"
"in-173ef8abe0493c5a","indeed","https://www.indeed.com/viewjob?jk=173ef8abe0493c5a","https://grnh.se/jo0hgyru5us","Junior Developer - Python & Go","Buyers Edge Platform","Waltham, MA, US","2026-06-17","","","","","","",True,"","","","","","https://www.indeed.com/cmp/Buyers-Edge-Platform","https://www.buyersedgeplatform.com/","307 Waverley Oaks Rd
Waltham, MA 02452","1,001 to 5,000","","","","","","","","indeed","Boston, MA","backend engineer internship"
"in-6b13cc85365c36f1","indeed","https://www.indeed.com/viewjob?jk=6b13cc85365c36f1","https://app.careerswift.ai/apply?ashby_jid=0b5d6d45-1a75-4c7e-a9fc-21e0bd833335&utm_source=B0RrVQLKmx","QA / Test Engineer","CareerSwift","San Francisco, CA, US","2026-06-12","fulltime","direct_data","hourly",34.0,42.0,"USD",True,"","","","","","https://www.indeed.com/cmp/Careerswift","","","","","","","","","","","indeed","San Francisco, CA","junior software engineer"
"in-ab4ba6664d2f39fa","indeed","https://www.indeed.com/viewjob?jk=ab4ba6664d2f39fa","https://homedepot.contacthr.com/152794770","Sr. Software Engineer (Remote)","The Home Depot","Austin, TX, US","2026-06-10","","direct_data","yearly",80000.0,180000.0,"USD",True,"","","","","","https://www.indeed.com/cmp/The-Home-Depot","http://www.careers.homedepot.com","Atlanta, GA","10,000+","more than $10B (USD)","","","","","","","indeed","Austin, TX","junior software engineer"
"in-24af23323866d62b","indeed","https://www.indeed.com/viewjob?jk=24af23323866d62b","https://jobs.ashbyhq.com/kong/c7f6c09c-2f39-4818-9b11-5b69399dd1b2?utm_source=yYRxzO2Ypl","Staff Solutions Engineer - Northeast","KONG","Boston, MA, US","2026-06-09","fulltime","direct_data","yearly",220000.0,260000.0,"USD",True,"","","","","","https://www.indeed.com/cmp/Kong","http://kongcom.com.br","","","","","","","","","","indeed","Boston, MA","junior software engineer"
"in-4e2090cced16670b","indeed","https://www.indeed.com/viewjob?jk=4e2090cced16670b","https://apply.workable.com/j/A06E717744","Junior Software Engineer, AI-Forward","Texas Sports Academy Main","Austin, TX, US","2026-06-08","","","","","","",True,"","","","","","https://www.indeed.com/cmp/Texas-Sports-Academy-Main","","","","","","","","","","","indeed","Austin, TX","junior software engineer"
"in-731dfd555cf56cb1","indeed","https://www.indeed.com/viewjob?jk=731dfd555cf56cb1","https://jobs.dayforcehcm.com/en-US/aline/CANDIDATEPORTAL/jobs/1077","Engineering - Agentic AI Engineer (Junior)","Aline","Remote, US","2026-06-05","fulltime","direct_data","yearly",65000.0,80000.0,"USD",True,"","","","","","https://www.indeed.com/cmp/Aline","https://www.alineinc.com","Rancho Dominguez","11 to 50","","","","","","","","indeed","Remote","backend engineer internship"
"in-696789e036b43d55","indeed","https://www.indeed.com/viewjob?jk=696789e036b43d55","https://job-boards.greenhouse.io/codepath/jobs/5157922007","Talent Sourcer (Contract)","CodePath.org","Remote, US","2026-06-05","fulltime, contract","direct_data","yearly",60000.0,85000.0,"USD",True,"","","","","","https://www.indeed.com/cmp/Codepath.org","https://www.codepath.org","San Francisco","11 to 50","","","","","","","","indeed","Remote","software engineer internship"
"in-93d8282028be5ba1","indeed","https://www.indeed.com/viewjob?jk=93d8282028be5ba1","https://grnh.se/p1geu6ff9us","Staff Software Engineer","CareDx","Brisbane, CA, US","2026-06-04","fulltime","direct_data","yearly",140000.0,175000.0,"USD",True,"","","","","","https://www.indeed.com/cmp/Caredx","http://www.caredx.com","Brisbane, CA","501 to 1,000","$100M to $500M (USD)","","","","","","","indeed","San Francisco, CA","junior software engineer"
"in-9a4e559fc9cbb7a0","indeed","https://www.indeed.com/viewjob?jk=9a4e559fc9cbb7a0","https://homedepot.contacthr.com/152782475","Staff Systems Mainframe Engineer (Remote)","The Home Depot","Austin, TX, US","2026-06-03","","direct_data","yearly",90000.0,180000.0,"USD",True,"","","","","","https://www.indeed.com/cmp/The-Home-Depot","http://www.careers.homedepot.com","Atlanta, GA","10,000+","more than $10B (USD)","","","","","","","indeed","Austin, TX","junior software engineer"
"in-e3b4846bcfce2ee0","indeed","https://www.indeed.com/viewjob?jk=e3b4846bcfce2ee0","https://grnh.se/up2aqdf92us","Senior Cloud Network Engineer (Remote)","Myriad360","New York, NY, US","2026-06-01","","direct_data","yearly",150000.0,160000.0,"USD",True,"","","","","","https://www.indeed.com/cmp/Myriad360","http://www.myriad360.com","New York, NY","51 to 200","$100M to $500M (USD)","","","","","","","indeed","New York, NY","junior software engineer"
"in-7d9075f0f0716e39","indeed","https://www.indeed.com/viewjob?jk=7d9075f0f0716e39","https://melodyarc.breezy.hr/p/47dc0671c612-software-development-engineer-3-sde-3?source=indeed","Software Development Engineer 3 (SDE 3)","","Remote, US","2026-06-01","fulltime","direct_data","yearly",150000.0,200000.0,"USD",True,"","","","","","","","","","","","","","","","","indeed","Remote","backend engineer internship"
"in-f619601035bd9d6c","indeed","https://www.indeed.com/viewjob?jk=f619601035bd9d6c","https://grnh.se/upd5q8it4us","Staff Software Engineer, Core Platform","Cribl","San Francisco, CA, US","2026-05-28","","direct_data","yearly",205000.0,245000.0,"USD",True,"","","","","","https://www.indeed.com/cmp/Cribl","https://cribl.io/","44 Tehama St, San Francisco, California 94105, US","201 to 500","","","","","","","","indeed","San Francisco, CA","junior software engineer"
"in-589898bdf69bdfb3","indeed","https://www.indeed.com/viewjob?jk=589898bdf69bdfb3","https://apply.workable.com/j/AFD4576E45","Thermal Mechanical Engineer","New Standard Partners LLC","Austin, TX, US","2026-05-28","","","","","","",True,"","","","","","https://www.indeed.com/cmp/New-Standard-Partners-LLC","","","","","","","","","","","indeed","Austin, TX","junior software engineer"
"in-5b17c92a6a8d4cb5","indeed","https://www.indeed.com/viewjob?jk=5b17c92a6a8d4cb5","https://ats.rippling.com/cs-erickson-careers/jobs/12f3b4f0-3572-432c-bce3-3eb879ce816c?jobSite=Indeed","Senior Low Voltage Estimator - Structured Cabling","CS Erickson","Georgetown, TX, US","2026-05-28","fulltime","","","","","",True,"","","","","","https://www.indeed.com/cmp/Cs-Erickson-2","https://cserickson.com/","719 Century Ave
Grand Rapids, MI 49503","201 to 500","","","","","","","","indeed","Austin, TX","junior software engineer"
"in-dd379d14e18e962c","indeed","https://www.indeed.com/viewjob?jk=dd379d14e18e962c","https://grnh.se/8yqmjng33us","Senior Software Engineer, Full-Stack","EPIC Kids","San Jose, CA, US","2026-05-28","","direct_data","yearly",160000.0,210000.0,"USD",True,"","","","","","https://www.indeed.com/cmp/Epic-Kids","","","","","","","","","","","indeed","San Francisco, CA","junior software engineer"
"li-4419906568","linkedin","https://www.linkedin.com/jobs/view/4419906568","","Junior Software Engineer (Remote)","PolicyMe","Ontario, Canada","2026-05-27","","","","","","",True,"","","","","","https://ca.linkedin.com/company/policymeinsurance","","","","","","","","","","","linkedin","Remote","junior software engineer"
"in-9a36f4e7e3db4f29","indeed","https://www.indeed.com/viewjob?jk=9a36f4e7e3db4f29","https://aembit.bamboohr.com/careers/67?source=indeed&src=indeed&postedDate=2026-05-27","AI Go-To-Market Team Intern","","San Francisco, CA, US","2026-05-27","parttime","","","","","",True,"","","","","","","","","","","","","","","","","indeed","San Francisco, CA","software developer internship"
"in-922c5e48439e1c14","indeed","https://www.indeed.com/viewjob?jk=922c5e48439e1c14","https://grnh.se/h6neolp81us","Senior Software Engineer I (Automation)","Smartsheet","Seattle, WA, US","2026-05-22","fulltime","direct_data","yearly",145000.0,193750.0,"USD",True,"","","","","","https://www.indeed.com/cmp/Smartsheet","http://www.smartsheet.com","Bellevue, WA","1,001 to 5,000","$100M to $500M (USD)","","","","","","","indeed","Seattle, WA","junior software engineer"
"in-66d66d06c14a9d2b","indeed","https://www.indeed.com/viewjob?jk=66d66d06c14a9d2b","https://grnh.se/f5o5ma465us","Senior Drilling Engineer","KoBold Metals","Berkeley, CA, US","2026-05-21","fulltime","","","","","",True,"","","","","","https://www.indeed.com/cmp/Kobold-Metals","","","","","","","","","","","indeed","San Francisco, CA","junior software engineer"
"in-e586da290ae89bcd","indeed","https://www.indeed.com/viewjob?jk=e586da290ae89bcd","https://job-boards.eu.greenhouse.io/tensorops/jobs/4871911101","Junior AI/ML Engineer","TensorOps","Remote, US","2026-05-21","","direct_data","yearly",30000.0,35000.0,"USD",True,"","","","","","https://www.indeed.com/cmp/Tensorops","","","","","","","","","","","indeed","Remote","software engineer internship"
"in-ba77a00d9fec67f3","indeed","https://www.indeed.com/viewjob?jk=ba77a00d9fec67f3","https://grnh.se/65xx4gfj7us","Senior UI Software Engineer","eClinical Solutions, LLC","Mansfield Center, MA, US","2026-05-20","","direct_data","yearly",132000.0,162000.0,"USD",True,"","","","","","https://www.indeed.com/cmp/Eclinical-Solutions,-LLC","http://www.eclinicalsol.com","Mansfield","11 to 50","$1M to $5M (USD)","","","","","","","indeed","Boston, MA","junior software engineer"
"in-c4d96aa65ee33b43","indeed","https://www.indeed.com/viewjob?jk=c4d96aa65ee33b43","https://grnh.se/902d316v5us","Staff Software Engineer, Full Stack","Bennie","North Stamford, CT, US","2026-05-15","fulltime","direct_data","yearly",180000.0,230000.0,"USD",True,"","","","","","https://www.indeed.com/cmp/Bennie","","","","","","","","","","","indeed","New York, NY","junior software engineer"
"in-6d660cf7fffbe30f","indeed","https://www.indeed.com/viewjob?jk=6d660cf7fffbe30f","https://grnh.se/ta9525lw7us","Principal Engineer, AI Factory","Banyan Software","Seattle, WA, US","2026-05-14","","","yearly","","","USD",True,"","","","careers@banyansoftware.com","","https://www.indeed.com/cmp/Banyan-Software","https://www.banyansoftware.com","Boston","11 to 50","","","","","","","","indeed","Seattle, WA","junior software engineer"
"in-1b59dbfdb6b06618","indeed","https://www.indeed.com/viewjob?jk=1b59dbfdb6b06618","https://jobs.dayforcehcm.com/en-US/thg/ALLCAREERS/jobs/45123","Senior Application Engineer (REMOTE or HYBRID TO MA)","The Hanover Insurance Group","Worcester, MA, US","2026-05-14","fulltime","direct_data","yearly",101000.0,126000.0,"USD",True,"","","","HRServices@hanover.com","","https://www.indeed.com/cmp/The-Hanover-Insurance-Group","https://www.hanover.com","Worcester, MA","5,001 to 10,000","$5B to $10B (USD)","","","","","","","indeed","Boston, MA","junior software engineer"
"in-c08adb8279c02837","indeed","https://www.indeed.com/viewjob?jk=c08adb8279c02837","https://jobs.dayforcehcm.com/en-US/thg/ALLCAREERS/jobs/45104","Senior Application Engineer (REMOTE or HYBRID TO MA)","The Hanover Insurance Group","Worcester, MA, US","2026-05-14","fulltime","direct_data","yearly",101000.0,126000.0,"USD",True,"","","","HRServices@hanover.com","","https://www.indeed.com/cmp/The-Hanover-Insurance-Group","https://www.hanover.com","Worcester, MA","5,001 to 10,000","$5B to $10B (USD)","","","","","","","indeed","Boston, MA","junior software engineer"
"in-913e5b6e9eaafc6d","indeed","https://www.indeed.com/viewjob?jk=913e5b6e9eaafc6d","https://grnh.se/45kfjmn94us","Senior Site Reliability Engineer – Compute Platforms","Five9","San Ramon, CA, US","2026-05-13","","direct_data","yearly",82300.0,228800.0,"USD",True,"","","","","","https://www.indeed.com/cmp/Five9","http://www.five9.com","San Ramon, CA","1,001 to 5,000","$100M to $500M (USD)","","","","","","","indeed","San Francisco, CA","junior software engineer"
"in-0e61930a6adace94","indeed","https://www.indeed.com/viewjob?jk=0e61930a6adace94","https://careers-americas.icims.com/jobs/25090/job?utm_source=indeed_integration&iis=Job%20Board&iisn=Indeed&indeed-apply-token=73a2d2b2a8d6d5c0a62696875eaebd669103652d3f0c2cd5445d3e66b1592b0f","Strategic Account Executive - East","Atlassian","New York, NY, US","2026-05-12","","direct_data","yearly",189700.0,255000.0,"USD",True,"","","","","","https://www.indeed.com/cmp/Atlassian","https://www.atlassian.com","Sydney","10,000+","Decline to state","","","","","","","indeed","New York, NY","junior software engineer"
"in-a9234f6ee4ddea28","indeed","https://www.indeed.com/viewjob?jk=a9234f6ee4ddea28","https://grnh.se/iskw068b1us","Staff Forward Deployed Engineer, AI/ML","DigitalOcean","San Francisco, CA, US","2026-05-08","","direct_data","yearly",220000.0,239000.0,"USD",True,"","","","","","https://www.indeed.com/cmp/Digitalocean","https://www.digitalocean.com/","105 Edgeview Drive, Suite 425, Broomfield, CO, United States, 80021","1,001 to 5,000","$1B to $5B (USD)","","","","","","","indeed","San Francisco, CA","junior software engineer"
"in-3258a0548cdec56b","indeed","https://www.indeed.com/viewjob?jk=3258a0548cdec56b","https://grnh.se/lpxh80o74us","Senior Software Engineer, Data","Sidecar Health","San Francisco, CA, US","2026-05-06","","","","","","",True,"","","","","","https://www.indeed.com/cmp/Sidecar-Health","https://www.sidecarhealth.com","El Segundo","11 to 50","","","","","","","","indeed","San Francisco, CA","junior software engineer"
"in-f795603f800fffe2","indeed","https://www.indeed.com/viewjob?jk=f795603f800fffe2","https://grnh.se/cws74ocw2us","Senior Software Engineer II","Freenome","Brisbane, CA, US","2026-05-05","","direct_data","yearly",161925.0,227325.0,"USD",True,"","","","","Health Care","https://www.indeed.com/cmp/Freenome","https://www.freenome.com","South San Francisco, CA","51 to 200","","","","","","","","indeed","San Francisco, CA","junior software engineer"
"in-ade2967abb1188ad","indeed","https://www.indeed.com/viewjob?jk=ade2967abb1188ad","https://grnh.se/3l1jpzh24us","Associate Director, Clinical Science","Natera","San Carlos, CA, US","2026-05-05","","direct_data","yearly",174700.0,218400.0,"USD",True,"","","","","","https://www.indeed.com/cmp/Natera","https://www.natera.com","Austin, TX","5,001 to 10,000","$1B to $5B (USD)","","","","","","","indeed","San Francisco, CA","junior software engineer"
"in-e71606ecec080c06","indeed","https://www.indeed.com/viewjob?jk=e71606ecec080c06","https://grnh.se/icj9bwe24us","Director, Clinical Science","Natera","San Carlos, CA, US","2026-05-05","","direct_data","yearly",192600.0,240800.0,"USD",True,"","","","","","https://www.indeed.com/cmp/Natera","https://www.natera.com","Austin, TX","5,001 to 10,000","$1B to $5B (USD)","","","","","","","indeed","San Francisco, CA","junior software engineer"
"in-f4e44bb4cfbf1729","indeed","https://www.indeed.com/viewjob?jk=f4e44bb4cfbf1729","https://grnh.se/wzsib4id2us","Senior Pre- & Post-Sales Customer Engineer, Enterprise","Pendo","San Francisco, CA, US","2026-05-04","","direct_data","yearly",193393.0,241742.0,"USD",True,"","","","accommodation@pendo.io","","https://www.indeed.com/cmp/Pendo","https://www.pendo.io/","Raleigh, NC","501 to 1,000","Decline to state","","","","","","","indeed","San Francisco, CA","junior software engineer"
"in-ef6e34719ba7097a","indeed","https://www.indeed.com/viewjob?jk=ef6e34719ba7097a","https://job-boards.greenhouse.io/codepath/jobs/5116524007","Senior Director of Curriculum","CodePath.org","Remote, US","2026-05-04","fulltime","direct_data","yearly",165000.0,239000.0,"USD",True,"","","","","","https://www.indeed.com/cmp/Codepath.org","https://www.codepath.org","San Francisco","11 to 50","","","","","","","","indeed","Remote","software engineer internship"
"in-e441b2189fa54348","indeed","https://www.indeed.com/viewjob?jk=e441b2189fa54348","https://jobs.lever.co/ttecdigital/f71b85ac-4ab1-40bf-9e1a-e5614dc5f0b0?lever-source=Indeed","Principal Architect, NICE CXone","TTEC Digital","Austin, TX, US","2026-04-24","fulltime","direct_data","yearly",170000.0,200000.0,"USD",True,"","","","","","https://www.indeed.com/cmp/Ttec-Digital-1","http://www.ttecdigital.com","Englewood, CO","1,001 to 5,000","Decline to state","","","","","","","indeed","Austin, TX","junior software engineer"
"in-704a55f78ff58d30","indeed","https://www.indeed.com/viewjob?jk=704a55f78ff58d30","https://grnh.se/hm2luz2q1us","Senior Software Engineer, Identity & Access Management","DigitalOcean","Boston, MA, US","2026-04-23","","direct_data","yearly",140800.0,176000.0,"USD",True,"","","","","","https://www.indeed.com/cmp/Digitalocean","https://www.digitalocean.com/","105 Edgeview Drive, Suite 425, Broomfield, CO, United States, 80021","1,001 to 5,000","$1B to $5B (USD)","","","","","","","indeed","Boston, MA","junior software engineer"
"in-657a9ac0c41c5916","indeed","https://www.indeed.com/viewjob?jk=657a9ac0c41c5916","https://careers.valant.io/jobs/595528-product-owner","Product Owner","Valant Medical Solutions","Seattle, WA, US","2026-04-21","","direct_data","yearly",75000.0,100000.0,"USD",True,"","","","","","https://www.indeed.com/cmp/Valant-Medical-Solutions-6","https://valant.io/","","","","","","","","","","indeed","Seattle, WA","junior software engineer"
"in-101d09ea47df0aab","indeed","https://www.indeed.com/viewjob?jk=101d09ea47df0aab","https://grnh.se/6o63n6wt4us","Senior Cloud Infrastructure Engineer","Five9","San Ramon, CA, US","2026-04-14","","direct_data","yearly",83800.0,200600.0,"USD",True,"","","","","","https://www.indeed.com/cmp/Five9","http://www.five9.com","San Ramon, CA","1,001 to 5,000","$100M to $500M (USD)","","","","","","","indeed","San Francisco, CA","junior software engineer"
"in-9678cf1ef50b9f85","indeed","https://www.indeed.com/viewjob?jk=9678cf1ef50b9f85","https://grnh.se/3bxx7j4z1us","Senior Principal Forward Deployed AI Engineer (Remote Eligible)","Smartsheet","Bellevue, WA, US","2026-04-13","","direct_data","yearly",235000.0,315000.0,"USD",True,"","","","","","https://www.indeed.com/cmp/Smartsheet","http://www.smartsheet.com","Bellevue, WA","1,001 to 5,000","$100M to $500M (USD)","","","","","","","indeed","Seattle, WA","junior software engineer"
"in-7dc76ba5522f890c","indeed","https://www.indeed.com/viewjob?jk=7dc76ba5522f890c","https://grnh.se/3bxx7j4z1us","Senior Principal Forward Deployed AI Engineer (Remote Eligible)","Smartsheet","Bellevue, WA, US","2026-04-13","","direct_data","yearly",235000.0,315000.0,"USD",True,"","","","","","https://www.indeed.com/cmp/Smartsheet","http://www.smartsheet.com","Bellevue, WA","1,001 to 5,000","$100M to $500M (USD)","","","","","","","indeed","Seattle, WA","junior software engineer"
"in-117022e59fed6959","indeed","https://www.indeed.com/viewjob?jk=117022e59fed6959","https://apply.workable.com/j/C6F66C4E49","Senior Software Engineer","Newrich Network","Austin, TX, US","2026-04-08","fulltime","","","","","",True,"","","","","","https://www.indeed.com/cmp/Newrich-Network","","","","","","","","","","","indeed","Austin, TX","junior software engineer"
"in-5453a3a17dcbf0a5","indeed","https://www.indeed.com/viewjob?jk=5453a3a17dcbf0a5","https://grnh.se/3jd2qp573us","Engineer/Senior Engineer - Perception Capabilities","Motional","Remote, US","2026-04-06","","direct_data","yearly",136500.0,225000.0,"USD",True,"","","","","","https://www.indeed.com/cmp/Motional","https://www.motional.com","Boston, MA","501 to 1,000","Decline to state","","","","","","","indeed","Remote","software engineer internship"
"in-c5eff54bdf9af3e8","indeed","https://www.indeed.com/viewjob?jk=c5eff54bdf9af3e8","https://jobs.ashbyhq.com/praecipio/c7fc8d03-707c-48d3-9343-51359204daf9?utm_source=WLANzEpwMg","Atlassian Consultants - Ongoing Contracts","Praecipio Consulting","Austin, TX, US","2026-04-04","fulltime","","","","","",True,"","","","","","https://www.indeed.com/cmp/Praecipio-Consulting","https://www.praecipio.com","Austin","11 to 50","","","","","","","","indeed","Austin, TX","junior software engineer"
"in-db00badda76f8061","indeed","https://www.indeed.com/viewjob?jk=db00badda76f8061","https://grnh.se/3y4m1st2teu","Staff Software Engineer (Hardware Infrastructure)","Nebius","New York, NY, US","2026-03-30","","direct_data","yearly",175000.0,225000.0,"USD",True,"","","","","","https://www.indeed.com/cmp/Nebius","https://nebius.com/careers","Amsterdam, The Netherlands","1,001 to 5,000","","","","","","","","indeed","New York, NY","junior software engineer"
"in-723fc8faef70f569","indeed","https://www.indeed.com/viewjob?jk=723fc8faef70f569","https://nttglobaldatacenters.wd501.myworkdayjobs.com/en-US/External/job/Remote-USA/XMLNAME-5275-Senior-Associate-Electrical-Engineer_JR101056","5275 Associate Electrical Engineer","NTT Global Data Centers Americas, Inc.","Remote, US","2026-03-30","fulltime","direct_data","yearly",82300.0,152900.0,"USD",True,"","","","","","https://www.indeed.com/cmp/Ntt-Global-Data-Centers-Americas,-Inc.","https://services.global.ntt/en-us/services-and-products/global-data-centers","Sacramento, CA","501 to 1,000","$100M to $500M (USD)","","","","","","","indeed","Remote","software engineer internship"
"in-1258de090538b6fd","indeed","https://www.indeed.com/viewjob?jk=1258de090538b6fd","https://jabil.wd5.myworkdayjobs.com/en-US/Jabil_Careers/job/Austin-TX/Principal-Structural-Engineer---Data-Center-Infrastructure--FE-_J2444359-1","Principal Structural Engineer – Data Center Infrastructure (FE)","Jabil","Austin, TX, US","2026-03-30","fulltime","direct_data","yearly",132400.0,238400.0,"USD",True,"","","","_Accessible@Jabil.com","","https://www.indeed.com/cmp/Jabil-176d8576","http://www.jabil.com","Saint Petersburg, FL","10,000+","more than $10B (USD)","","","","","","","indeed","Austin, TX","junior software engineer"
"in-dcf6e9eb298a2613","indeed","https://www.indeed.com/viewjob?jk=dcf6e9eb298a2613","https://jabil.wd5.myworkdayjobs.com/en-US/Jabil_Careers/job/Austin-TX/Sr-Principal-Electrical-Integration-Engineer---Facility---Data-Center-Infrastructure_J2444369","Sr. Principal Electrical Integration Engineer - Facility & Data Center Infrastructure","Jabil","Austin, TX, US","2026-03-30","fulltime","","","","","",True,"","","","_Accessible@Jabil.com","","https://www.indeed.com/cmp/Jabil-176d8576","http://www.jabil.com","Saint Petersburg, FL","10,000+","more than $10B (USD)","","","","","","","indeed","Austin, TX","junior software engineer"
"in-9dcb79d373afabc1","indeed","https://www.indeed.com/viewjob?jk=9dcb79d373afabc1","https://www2.jobdiva.com/portal/?a=m9jdnw9bk529dob7b0nhj8hmrmhgxe030ekfy8ww115xk0jkq5bxt25ll3hbstat#","Member of Technical Staff","ACL Digital","Austin, TX, US","2026-03-25","","","","","","",True,"","","","","","https://www.indeed.com/cmp/Acl-Digital","https://www.acldigital.com/","","","","","","","","","","indeed","Austin, TX","junior software engineer"
"in-3860b48fee9d8b01","indeed","https://www.indeed.com/viewjob?jk=3860b48fee9d8b01","https://www2.jobdiva.com/portal/?a=m9jdnw9bk529dob7b0nhj8hmrmhgxe030ekfy8ww115xk0jkq5bxt25ll3hbstat#","Associate Linux Engineer","ACL Digital","Austin, TX, US","2026-03-25","","","","","","",True,"","","","","","https://www.indeed.com/cmp/Acl-Digital","https://www.acldigital.com/","","","","","","","","","","indeed","Austin, TX","software engineer internship"
"in-0dee409d3d10ddde","indeed","https://www.indeed.com/viewjob?jk=0dee409d3d10ddde","https://intel.wd1.myworkdayjobs.com/en-US/External/job/Virtual-US/Senior-DSP-Algorithm-Engineer_JR0281792","Senior DSP Algorithm Engineer","Intel Corporation","Remote, US","2026-03-16","fulltime","direct_data","yearly",141910.0,269100.0,"USD",True,"","","","","","https://www.indeed.com/cmp/Intel-Corporation","https://jobs.intel.com/","Santa Clara, CA","10,000+","more than $10B (USD)","","","","","","","indeed","Remote","software engineer internship"
"in-16de5bcb795d6fc7","indeed","https://www.indeed.com/viewjob?jk=16de5bcb795d6fc7","https://naylor.hrmdirect.com/employment/view.php?req=3664347&jbsrc=1014&location=8fa4d78b-9cb2-0e53-6f9e-b1b3e6cc8aed","Junior Developer","Naylor Association Solutions","Remote, US","2026-03-13","fulltime","","","","","",True,"","","","","","https://www.indeed.com/cmp/Naylor-Association-Solutions","https://www.naylor.com/","Gainesville","201 to 500","$100M to $500M (USD)","","","","","","","indeed","Remote","backend engineer internship"
"in-20ebbd1659adab31","indeed","https://www.indeed.com/viewjob?jk=20ebbd1659adab31","https://uhg.taleo.net/careersection/10000/jobdetail.ftl?job=2344531&lang=en","Full Stack and AI Engineer","Optum","Basking Ridge, NJ, US","2026-03-09","fulltime","direct_data","yearly",91700.0,163700.0,"USD",True,"","","","","","https://www.indeed.com/cmp/Optum","https://www.optum.com","Eden Prairie, MN","10,000+","more than $10B (USD)","","","","","","","indeed","New York, NY","junior software engineer"
"in-c1910fa4b9572adb","indeed","https://www.indeed.com/viewjob?jk=c1910fa4b9572adb","https://allstateinsurance.contacthr.com/152742524","Applied Machine Learning Engineer (All Levels)","Allstate Insurance","Remote, US","2026-03-05","","direct_data","yearly",110000.0,181025.0,"USD",True,"","","","","Insurance","https://www.indeed.com/cmp/Allstate-Insurance","http://allstate.jobs","3100 Sanders Road
Northbrook, IL 60062","10,000+","more than $10B (USD)","","","","","","","indeed","Remote","software engineer internship"
"in-4430e869c21f362a","indeed","https://www.indeed.com/viewjob?jk=4430e869c21f362a","https://generalmotors.wd5.myworkdayjobs.com/en-US/Careers_GM/job/Mountain-View-California-United-States-of-America/Principal-AI---ML-Engineer---Embodied-AI_JR-202602487","Principal AI / ML Engineer - Embodied AI","General Motors (GM)","Mountain View, CA, US","2026-02-26","fulltime","direct_data","yearly",296300.0,453900.0,"USD",True,"","","","","","https://www.indeed.com/cmp/General-Motors-(gm)-1","http://www.gm.com","Detroit, MI","10,000+","more than $10B (USD)","","","","","","","indeed","San Francisco, CA","junior software engineer"
"in-3edc5d75e928710f","indeed","https://www.indeed.com/viewjob?jk=3edc5d75e928710f","https://grnh.se/53qj2t902us","Machine Learning Engineer II/III (Applied Research & Model Development)","PathAI","Boston, MA, US","2026-02-26","","direct_data","yearly",107250.0,200100.0,"USD",True,"","","","","","https://www.indeed.com/cmp/Pathai","https://www.pathai.com","1325 Boylston St Suite 10000
Boston, MA 02215","","","","","","","","","indeed","Boston, MA","junior software engineer"
"in-7487b2d210cf8d72","indeed","https://www.indeed.com/viewjob?jk=7487b2d210cf8d72","https://workforcenow.adp.com/mascsr/default/mdf/recruitment/recruitment.html?cid=efc56a2b-ee00-4147-bb8a-4d2bf12302f1&ccId=19000101_000001&jobId=569005&source=IN&lang=en_US","Senior Full Stack Software Engineer","infinite choice","Austin, TX, US","2026-02-25","fulltime","direct_data","yearly",150000.0,180000.0,"USD",True,"","","","","","https://www.indeed.com/cmp/Infinite-Choice","","","","","","","","","","","indeed","Austin, TX","junior software engineer"
"in-c396a3878ba537bf","indeed","https://www.indeed.com/viewjob?jk=c396a3878ba537bf","https://workforcenow.adp.com/mascsr/default/mdf/recruitment/recruitment.html?cid=efc56a2b-ee00-4147-bb8a-4d2bf12302f1&ccId=19000101_000001&jobId=569004&source=IN&lang=en_US","Staff Full Stack Software Engineer","infinite choice","Austin, TX, US","2026-02-25","fulltime","direct_data","yearly",175000.0,195000.0,"USD",True,"","","","","","https://www.indeed.com/cmp/Infinite-Choice","","","","","","","","","","","indeed","Austin, TX","junior software engineer"
"in-c7933ce6e87f7544","indeed","https://www.indeed.com/viewjob?jk=c7933ce6e87f7544","https://affinitysolutions.hrmdirect.com/employment/view.php?req=3647807&jbsrc=1014&location=030482b2-a3ff-5a7c-0f85-d50e8eb12237","Sr. Data Quality Engineer I (37_2026.1)","Affinity Solutions","New York, NY, US","2026-02-24","fulltime","direct_data","yearly",130000.0,145000.0,"USD",True,"","","","","","https://www.indeed.com/cmp/Affinity-Solutions-1","","","Decline to state","Decline to state","","","","","","","indeed","New York, NY","junior software engineer"
"in-a486faa5190a556f","indeed","https://www.indeed.com/viewjob?jk=a486faa5190a556f","https://careerspage.io/springer-capital/backend-developer-internship-remote-sp101?src=17","Backend Developer Internship (Remote)","Springer Capital","Remote, US","2026-02-19","internship","","","","","",True,"","","","","","https://www.indeed.com/cmp/Springer-Capital","","","","","","","","","","","indeed","Remote","backend developer internship"
"in-a7dcae21c4bc215f","indeed","https://www.indeed.com/viewjob?jk=a7dcae21c4bc215f","https://focuskpi.applytojob.com/apply/PlSnEHomC5/Junior-AIML-Engineer-Remote?source=INDE&~","Junior AI/ML Engineer (Remote)","FocusKPI Inc.","Remote, US","2026-02-18","fulltime","","","","","",True,"","","","danz@focuskpi.com","","https://www.indeed.com/cmp/Focuskpi-Inc.","http://www.focuskpi.com","Santa Clara","51 to 200","less than $1M (USD)","","","","","","","indeed","Remote","backend engineer internship"
"in-d394c355711f067b","indeed","https://www.indeed.com/viewjob?jk=d394c355711f067b","https://app.joinhandshake.com/public/jobs/10759643?source=Indeed","Software Engineer","Handshake","Remote, US","2026-02-17","parttime","","","","","",True,"","","","","","https://www.indeed.com/cmp/Handshake-7","","","Decline to state","Decline to state","","","","","","","indeed","Remote","backend engineer internship"
"in-e0e149699a1ddb1a","indeed","https://www.indeed.com/viewjob?jk=e0e149699a1ddb1a","https://grnh.se/lgtc84824us","ML PhD Intern - LLMs & Generative AI","Truveta","Seattle, WA, US","2026-02-13","fulltime, internship","","hourly","","","USD",True,"","","","","","https://www.indeed.com/cmp/Truveta","","","","","","","","","","","indeed","Seattle, WA","software engineer internship"
"in-26e50bf07ea4c5de","indeed","https://www.indeed.com/viewjob?jk=26e50bf07ea4c5de","https://grnh.se/lgtc84824us","ML PhD Intern - LLMs & Generative AI","Truveta","Remote, US","2026-02-13","fulltime, internship","","hourly","","","USD",True,"","","","","","https://www.indeed.com/cmp/Truveta","","","","","","","","","","","indeed","Remote","software engineer internship"
"in-ce7d9525c07777ed","indeed","https://www.indeed.com/viewjob?jk=ce7d9525c07777ed","https://grnh.se/82e4f7b91us","Technical Manager I","Syska Hennessy Group","New York, NY, US","2026-02-06","parttime","direct_data","yearly",112883.0,217238.0,"USD",True,"","","","","Consulting And Business Services","https://www.indeed.com/cmp/Syska-Hennessy-Group","http://www.syska.com","1185 Avenue of the Americas
New York, New York 10036","201 to 500","","","","","","","","indeed","New York, NY","junior software engineer"
"in-99de97bce1e318f1","indeed","https://www.indeed.com/viewjob?jk=99de97bce1e318f1","https://grnh.se/0a3706dd1us","Senior Software Engineer I","Qualia","Austin, TX, US","2025-12-17","","","","","","",True,"","","","","","https://www.indeed.com/cmp/Qualia-4","http://www.qualia.com","50 Fremont St #3600, San Francisco, CA 94105","501 to 1,000","","","","","","","","indeed","Austin, TX","junior software engineer"
"in-47d84fefbb176b3b","indeed","https://www.indeed.com/viewjob?jk=47d84fefbb176b3b","https://utaustin.wd1.myworkdayjobs.com/en-US/UTstaff/job/Texas/Lead-Data-Engineer_R_00043560","Lead Data Engineer","University of Texas at Austin","Austin, TX, US","2025-12-05","fulltime","direct_data","yearly",125000.0,143712.0,"USD",True,"","","","","Education And Schools","https://www.indeed.com/cmp/University-of-Texas-At-Austin","https://www.utexas.edu","110 Inner Campus Drive
Austin, TX 78712","10,000+","$1M to $5M (USD)","","","","","","","indeed","Austin, TX","junior software engineer"
"in-7561c2760678ebd6","indeed","https://www.indeed.com/viewjob?jk=7561c2760678ebd6","https://careers2-quanta.icims.com/jobs/11851/job?utm_source=indeed_integration&iis=Job%20Board&iisn=Indeed&indeed-apply-token=73a2d2b2a8d6d5c0a62696875eaebd669103652d3f0c2cd5445d3e66b1592b0f","Project Manager - Datacenter","Quanta Infrastructure Solutions Group","Austin, TX, US","2025-11-05","fulltime","","","","","",True,"","","","","","https://www.indeed.com/cmp/Quanta-Infrastructure-Solutions-Group","","","","","","","","","","","indeed","Austin, TX","junior software engineer"
"in-9f2499dcb7d23468","indeed","https://www.indeed.com/viewjob?jk=9f2499dcb7d23468","https://www.codeplatoon.org/careers/","Teaching Assistant","Code Platoon","Remote, US","2025-10-23","fulltime, internship","","","","","",True,"","","","","","https://www.indeed.com/cmp/Code-Platoon-1","http://codeplatoon.org/","","","","","","","","","","indeed","Remote","software engineer internship"
"li-4318509487","linkedin","https://www.linkedin.com/jobs/view/4318509487","","Senior Backend Engineer (Remote)","Zencastr","San Francisco, CA","2025-10-22","","","","","","",True,"","","","","","https://www.linkedin.com/company/zencastr","","","","","","","","","","","linkedin","San Francisco, CA","junior software engineer"
"in-a34ff220655954ca","indeed","https://www.indeed.com/viewjob?jk=a34ff220655954ca","https://serpapi.com/careers/junior-fullstack-engineer","Junior Fullstack Engineer","SerpApi","Austin, TX, US","2025-10-03","fulltime","direct_data","yearly",80000.0,100000.0,"USD",True,"","","","careers@serpapi.com, contact@serpapi.com","","https://www.indeed.com/cmp/Serpapi","","","","","","","","","","","indeed","Austin, TX","junior software engineer"
"in-231a659d10d7678e","indeed","https://www.indeed.com/viewjob?jk=231a659d10d7678e","https://apply.elevate-ats.com/job/913917/c-net-software-developer","C#/.NET Software Developer","Elevate HR","Parsippany-Troy Hills, NJ, US","2025-10-02","fulltime","direct_data","yearly",105000.0,144000.0,"USD",True,"","","","","","https://www.indeed.com/cmp/Elevate-HR","","","","","","","","","","","indeed","New York, NY","junior software engineer"
"in-d37e73ac78deee5c","indeed","https://www.indeed.com/viewjob?jk=d37e73ac78deee5c","https://apply.elevate-ats.com/job/913915/dynamics-365-software-developer","D365 Software Developer","Elevate HR","Parsippany-Troy Hills, NJ, US","2025-10-02","fulltime","direct_data","yearly",105000.0,144000.0,"USD",True,"","","","","","https://www.indeed.com/cmp/Elevate-HR","","","","","","","","","","","indeed","New York, NY","junior software engineer"
"li-4258065244","linkedin","https://www.linkedin.com/jobs/view/4258065244","","Junior JavaScript Developer - Remote work | REF#283760","BairesDev","Delhi, India","2025-06-26","","","","","","",True,"","","","","","https://www.linkedin.com/company/bairesdev","","","","","","","","","","","linkedin","Remote","junior software engineer"
"li-4258067056","linkedin","https://www.linkedin.com/jobs/view/4258067056","","Junior JavaScript Developer - Remote work | REF#283758","BairesDev","Haora, West Bengal, India","2025-06-26","","","","","","",True,"","","","","","https://www.linkedin.com/company/bairesdev","","","","","","","","","","","linkedin","Remote","junior software engineer"
"li-4258061537","linkedin","https://www.linkedin.com/jobs/view/4258061537","","Junior JavaScript Developer - Remote work | REF#283749","BairesDev","Pune Division, Maharashtra, India","2025-06-26","","","","","","",True,"","","","","","https://www.linkedin.com/company/bairesdev","","","","","","","","","","","linkedin","Remote","junior software engineer"
"in-de8fe55c189cee56","indeed","https://www.indeed.com/viewjob?jk=de8fe55c189cee56","https://jobs.ashbyhq.com/timely/67925705-3ee5-416b-a36f-34caae7f498b?utm_source=wLMOx6l892","Senior Software Engineer, Platform","timely","Boston, MA, US","2025-05-27","fulltime","direct_data","yearly",150000.0,200000.0,"USD",True,"","","","","","https://www.indeed.com/cmp/Timely","","","","","","","","","","","indeed","Boston, MA","junior software engineer"
"in-6a960eafc144dfca","indeed","https://www.indeed.com/viewjob?jk=6a960eafc144dfca","https://logistiqsolutions.com/careers/?gnk=job&gni=8a7887a8958c3d100195d274719e0a18&gns=Indeed+Free","Permitting Engineer Remote","","Remote, US","2025-03-26","","","","","","",True,"","","","","","","","","","","","","","","","","indeed","Remote","software engineer internship"
"in-7d83ac45d5330947","indeed","https://www.indeed.com/viewjob?jk=7d83ac45d5330947","https://jobs.lever.co/certik/f8fbe497-34d2-49fa-9308-879f0ffd8fa8?lever-source=Indeed","Software Engineer (Engineer III to Principal) - Formal Methods","CertiK","New York, NY, US","2025-01-08","fulltime","direct_data","yearly",115000.0,230000.0,"USD",True,"","","","","","https://www.indeed.com/cmp/Certik","","","","","","","","","","","indeed","New York, NY","software engineer internship"
"in-9102d275db2ba38a","indeed","https://www.indeed.com/viewjob?jk=9102d275db2ba38a","https://jobs.gusto.com/postings/advantage-pro-senior-software-engineer-8926549b-ee02-48ec-8019-5fd6cdbe9fee","Senior Software Engineer","Advantage Pro","Remote, US","2024-10-30","fulltime","direct_data","hourly",70.0,80.0,"USD",True,"","","","","","https://www.indeed.com/cmp/Advantage-Pro","","","","","","","","","","","indeed","Remote","software engineer internship"
"in-245d68860d46747e","indeed","https://www.indeed.com/viewjob?jk=245d68860d46747e","https://busigence.zohorecruit.com/recruit/PortalDetail.na?iframe=true&digest=pqUxfVA6uYE0gAANVel29A9qShfLEBG70IWk9Uix7SI-&jobid=348751000008543005&widgetid=348751000001287060&embedsource=CareerSite","Fullstack Web Developer","Busigence Technologies","Remote, US","2023-12-17","","","","","","",True,"","","","careers@busigence.com","","https://www.indeed.com/cmp/Busigence-Technologies","","","","","","","","","","","indeed","Remote","software engineer internship"
"in-5d0204c8ca5dabd6","indeed","https://www.indeed.com/viewjob?jk=5d0204c8ca5dabd6","https://busigence.zohorecruit.com/recruit/PortalDetail.na?iframe=true&digest=pqUxfVA6uYE0gAANVel29A9qShfLEBG70IWk9Uix7SI-&jobid=348751000007487100&widgetid=348751000001287060&embedsource=CareerSite","React Developer","Busigence Technologies","Remote, US","2023-03-20","","","","","","",True,"","","","careers@busigence.com","","https://www.indeed.com/cmp/Busigence-Technologies","","","","","","","","","","","indeed","Remote","software engineer internship"
"in-9ba193e431fe5df4","indeed","https://www.indeed.com/viewjob?jk=9ba193e431fe5df4","https://busigence.zohorecruit.com/recruit/PortalDetail.na?iframe=true&digest=pqUxfVA6uYE0gAANVel29A9qShfLEBG70IWk9Uix7SI-&jobid=348751000007162038&widgetid=348751000001287060&embedsource=CareerSite","Fresher - Web Developer","Busigence Technologies","Remote, US","2021-09-26","","","","","","",True,"","","","careers@busigence.com","","https://www.indeed.com/cmp/Busigence-Technologies","","","","","","","","","","","indeed","Remote","software developer internship"
"in-acd9a92303b94aed","indeed","https://www.indeed.com/viewjob?jk=acd9a92303b94aed","https://busigence.zohorecruit.com/recruit/PortalDetail.na?iframe=true&digest=pqUxfVA6uYE0gAANVel29A9qShfLEBG70IWk9Uix7SI-&jobid=348751000007162010&widgetid=348751000001287060&embedsource=CareerSite","Fresher - Big Data Engineer","Busigence Technologies","Remote, US","2021-09-26","","","","","","",True,"","","","careers@busigence.com","","https://www.indeed.com/cmp/Busigence-Technologies","","","","","","","","","","","indeed","Remote","software engineer internship"
"in-000be3a45f918783","indeed","https://www.indeed.com/viewjob?jk=000be3a45f918783","https://busigence.zohorecruit.com/recruit/PortalDetail.na?iframe=true&digest=pqUxfVA6uYE0gAANVel29A9qShfLEBG70IWk9Uix7SI-&jobid=348751000006618021&widgetid=348751000001287060&embedsource=CareerSite","Ember.js Developer","Busigence Technologies","Remote, US","2021-06-27","","","","","","",True,"","","","careers@busigence.com","","https://www.indeed.com/cmp/Busigence-Technologies","","","","","","","","","","","indeed","Remote","software engineer internship"
"in-4413ada84ea41e60","indeed","https://www.indeed.com/viewjob?jk=4413ada84ea41e60","https://busigence.zohorecruit.com/recruit/PortalDetail.na?iframe=true&digest=pqUxfVA6uYE0gAANVel29A9qShfLEBG70IWk9Uix7SI-&jobid=348751000006618037&widgetid=348751000001287060&embedsource=CareerSite","Express.js Developer","Busigence Technologies","Remote, US","2021-06-27","","","","","","",True,"","","","careers@busigence.com","","https://www.indeed.com/cmp/Busigence-Technologies","","","","","","","","","","","indeed","Remote","software engineer internship"
